{"version":2,"hash":{"type":"Buffer","data":"squVgu0/dcYkc4QXVfID4RLoTCWe4LPaa/Lxmnquug3jA8vMY6ap04gWXBUwNL/yZMtPb1si0Hrvr5ackcG8fks8nZ3JwscB9EEW4xl3bxgtOeiLzq/TBJ4epWkuw7XME6SL0rzSq1P7bjd5XwHD7is8NY5OeCp100NYGIiAd18="},"indexValueMap":{"K1hL86Z8g+9WjL6QXhQ68S7Et5Xxoyende5h6cc9FtM=":{"valueMac":{"type":"Buffer","data":"+wFmuPZ3lOGh4rnqQnEVFTTxBvne2xwY2PI2wEVxV6k="}},"Nh0ofomORvHAIfeh2WjOSRA4G0C6rh9H8DmvT02rVvs=":{"valueMac":{"type":"Buffer","data":"OSoGm6hqBd/vOevEJztFzKmsWVictsz4dKooafMPo4o="}},"tf2gJmZED7ejDHSOBPOTonojdR/IvlhI05IxpJl3ZEg=":{"valueMac":{"type":"Buffer","data":"Xc9grl1t1Xwd9QCus3k/YQWz6PFrEwSDO0fWLRdeNFM="}},"DmevZFEtchAUp38ic7+gUYzpHJj35YM94YweRzwMnIg=":{"valueMac":{"type":"Buffer","data":"U+/s4qf7j4ppNMC/rGYG/pyntYlU6zAVz/gz1tLkdZA="}},"/s4Q+4DPzlwONWiBuZvjyV6Vv1cdtWN/nufakxemtqA=":{"valueMac":{"type":"Buffer","data":"s9Mt2Ilw7kMR4DjF+Uc8dOw4CxEiRKJbPRhmW14C3tc="}},"yJtdsJaQrZNC2aeGwLbXF70BYmn4xUebBAjreIACptU=":{"valueMac":{"type":"Buffer","data":"L48e0BtiggYZquYhrRCu0XafUNffHdRY+ERfYwqvekg="}},"7OFv1p7QHhZ2Glr6anEXz1jEQgqkOZtvcoIRb6mnd8w=":{"valueMac":{"type":"Buffer","data":"OO3L4RNswLIq/zlkxnKG8ZyQ1coIYHYBxGq/ZuAf9S8="}},"Laa6+gOvX4Y3Eb0oZOX30deRqQf1TPbHvZks3fBATmg=":{"valueMac":{"type":"Buffer","data":"fm+nTANMcxLq3oxZxhKi2jDcs75FNVb8RaaC2ic43dA="}},"A2AUrJbQ8fcPP5uHFE0nXy/gY4IIIO8m0iwGru5itVk=":{"valueMac":{"type":"Buffer","data":"nsmnLH5g7EC7Iba66oK8HmVh/kQebYplpH0twTk82MU="}},"SGTbwWOc+0OJ3umbBMXs+AK6Cr1KcPPzooy39/m4kIE=":{"valueMac":{"type":"Buffer","data":"NDmmKjMTYil95an0AVsmMNOnm6asw+PgOsU3VhFd1yM="}},"+rcUDnHbMZRbitBDjEP/vtWOGGz/H2dXh1TMCxWbgnU=":{"valueMac":{"type":"Buffer","data":"wh1Pe4/Z/nETM74Pr03sDmx9FBDqS3vt12md4F2tR4Q="}},"+uJQJErmyhOC8XB8iE6jDsEBi4QkUpV2HMIv2T9jQvE=":{"valueMac":{"type":"Buffer","data":"B7vw/yhhA2M8TT2cn58iUcumiO061WuDJxiUyeh1MnE="}},"HjYPU8flrOaAZFmvSuiKg7rBHnswlpuk4HyxXOVZ2JY=":{"valueMac":{"type":"Buffer","data":"f4stR+1QK6QVmWOmI0smOPgKF+sYuYQdN/Zj38ajFy8="}},"lfYXevvZALcms6+MVSpasJzEm8qn2J4V8+Qwu0YsPzw=":{"valueMac":{"type":"Buffer","data":"BQ6ReAE7/Dlau5wOQdrKftzmG2GBTEgu796iEJY1uZ4="}},"hDN9bCZiw+VVzAW32HGcEUKyVVPa9zesnurOImJ/P4U=":{"valueMac":{"type":"Buffer","data":"YlkWx1x1w5jP95Z+ahY69YJdnXDo6kaERodZtyTetXM="}},"6q5k6KCOJP2GAKXgaRI2jISMQsnC9eZc4EXALwaOMxM=":{"valueMac":{"type":"Buffer","data":"z6ZmGsMm3zBt/xFgnj5bA3g4Sv09+HcqK5GREsABovk="}},"1l/dF0RnzpocxbVJj/UAq5b+sX2WVdRlUW7fpzYGGxM=":{"valueMac":{"type":"Buffer","data":"/VnhpGlpt1aevTB70LQKWMuNfDOv6TPsHcN6wc3x5Dk="}},"QJw3I2k69WrchaWf9C9t0mkNNzomcNCKP1xGqyxxwwA=":{"valueMac":{"type":"Buffer","data":"1BTOtMXhRmbGiAeUPl/ayiNtYU2AYEPSINQB8ZO2NXA="}},"y0uqX0XCwu4FQ+0xxtdY1tRq8/vg5D3N4Qp2jWXGVI8=":{"valueMac":{"type":"Buffer","data":"G/JwroVmWIhKQaHAcS/4WR6C2AoyWfiwyxAo9/QGCtM="}},"MdFgooU/bEbulKn1mej3fpva6x57AMdqnPGSYA/CcIU=":{"valueMac":{"type":"Buffer","data":"YXwaPldhOju17mbu9K3VIxVcRKf8LTUCyvcFuplMwjQ="}},"Qkze7PJGWZKC3XSDdhMSMGyjDwUHWlyGoq35zPeTdcc=":{"valueMac":{"type":"Buffer","data":"DwNbqowWxSF9p1PMaakwMs27x75siAjkmtgJdvT/Lug="}},"hi4ebtrd2qJXh8kZQDLRC4Ny6/RhhImUVt4ubv/hGcw=":{"valueMac":{"type":"Buffer","data":"c0NDL1R4aPF/mW0VxgxmrDzDCeUxs4R+Zc8tFElgKNs="}},"XDrJHI7RcBW0eM0vchZVic/zHfMhcY/4F2rgTNgmHuk=":{"valueMac":{"type":"Buffer","data":"MpZAi27i2wjrGfDwWMEX49xW+/3X1SecBZJGdrFikDY="}},"cJ4xfaOTZ4MszD1bAFgjv9a+f4E7IpwazZ+7IQH567M=":{"valueMac":{"type":"Buffer","data":"Bnb+iPARHebqgF1IQ8IfDOz8UU2GD9sW94ZkGFenqvY="}},"3rd+8HXnL+vg5TWa8VNUrznhOH/8s1kKfTCGaDnev4g=":{"valueMac":{"type":"Buffer","data":"0wlFJDvMTWL/fyi0R2Wl8AtE+NGlMKBBrfa4fCSBs+Y="}},"3rnwm6q5F5hn3KqCJcZsdu8JbGb2vq1rb443pHHkCjE=":{"valueMac":{"type":"Buffer","data":"u/qfebX7+oPst6+LZCftmHl8nC1lH+/HjCzu5VwtUSE="}},"PXCOnAHuKuIbBqOLE1MPGBOnYqRRXbQaIvhCdiWiZto=":{"valueMac":{"type":"Buffer","data":"aisnw3nRitXaVkXJnO1s0zoAl0sQrDWjFqkc2O4ptjE="}},"jstZZyFj/8wSHopLrrvMRTmt6J4eiuAYBjFtS/QueY0=":{"valueMac":{"type":"Buffer","data":"lVpSeH4G6y0/DhB82pI09LqtjPb4e1t3gvhkXmGsW44="}},"TS1EaNcsZ4hRA3gROeU6TQwTxITg9df/Mei6KHp/NR4=":{"valueMac":{"type":"Buffer","data":"m3i10vBsHpOVqHX8YGilHna4HWXnxk9+wJB2mXcsa7E="}},"Y3QZs64MJ7PfublhU1nPnFpJ++8RLX0I72MPaLnlH88=":{"valueMac":{"type":"Buffer","data":"ghpneyNHfV53euWqytVvE7JDQ4tvEcb8fSPjqfYrx10="}},"DPrueFI34ziBumeGHU5j45Kf1DgXmmhR9H8IuirJGvI=":{"valueMac":{"type":"Buffer","data":"CfRMov4hEEZpqMggHulmXIP5mj29Izch0pUB4lEzR8A="}},"KwQfkrZZbyVyutVNB4SF/uuXblzVougv6EjKYKc7oZU=":{"valueMac":{"type":"Buffer","data":"2OOuAZchqedA9q7Q0rqgHzQ+IqCtom6sJkwZ5yXYc5w="}},"5LZOoaNT8zJUbuA9KgM1Jvc28ihRJKeKym77k+jOKSU=":{"valueMac":{"type":"Buffer","data":"8syahDPCUEngQ6ACk2TVKbStazy4nhpv+jxhkKXLIRE="}},"3/oSos3PBFk/Xfok/5eMby9Ylmfi0z1rsp+7IhIMCwo=":{"valueMac":{"type":"Buffer","data":"GCc8fUUYXUw0V7WTmmgDno/OdbPXeaPA82BK7PRP8Tg="}},"0HRuYiRVaLykcF+Mrdh+ea/Ef9Tt5jnSsxJdM5OTGVM=":{"valueMac":{"type":"Buffer","data":"zX9Jbl+ihmuQX7CtknZ6r1MqL6oiZN33Pce/tmU3J1E="}},"9zKv7dgh+JH9y2fz3wHFd+taZUTG07094mzCTjsj3Mc=":{"valueMac":{"type":"Buffer","data":"Pg2kbZX/5BX4pzlE0xf2VokeO+5iVpph+HhsBcjeivA="}},"qzJtOFWeBa3CS71znU6oS1MBQHIDoZnO7CyiS3tvkd4=":{"valueMac":{"type":"Buffer","data":"ZEF2s/gorwO8IfsooxRj2dce99txWsP5m0rzwMGn4uU="}},"TIUMxnkPSj7iCA67YYuaYSArt1hcGRDtZANLZ7cL+Uw=":{"valueMac":{"type":"Buffer","data":"lad8SEoVEyh2q4ozww8r17JuBK/FBqv35XShnYQsNlk="}},"xvb5SeCrBeUsM3mIDcJL5+M87//AGrCyZWaQISFfa0g=":{"valueMac":{"type":"Buffer","data":"JguVufIMq1I0GKMXua4LlPUVoSdT7AFfVIyoSBEsWNU="}},"TQhJHp1kO91d9N5GFH3pA/uZTJlb0ETzK3DyxvAORf0=":{"valueMac":{"type":"Buffer","data":"Fbe9tz+8nmSHieaum2iyneqWr2Ps0yWkVAHyRSU2kd4="}},"nk/wrk8znaSvKS9YWIGkeekLw4iyjXMLHZQien4xx9s=":{"valueMac":{"type":"Buffer","data":"LQPews45jt6w9fCth5JMvsNoSqR/YgjgscD96bziXNI="}},"VMUGLuWUrdIqN3QFtkzRiZOUgVqshyYEQhgom64b3yE=":{"valueMac":{"type":"Buffer","data":"J0T/INvn6yxjf+f2WFJpmrEN850sJHTLfLif6zD3Yhs="}},"B877t23qy3kcSJ5b9vSaGOrlka8UZP0asTG2QtUGKjo=":{"valueMac":{"type":"Buffer","data":"WuUX9Wx3RRV5tx3kh62LukrIIP5DAksNI4VQKP96DHo="}},"rlNu9gwldAzyYmufOPjmqhHfJ2iBjJ2atLvWgqeRDFo=":{"valueMac":{"type":"Buffer","data":"yhGPIpyrRHApRy0TpM3w1k3jwosVrWb0WHFRENB8+lc="}},"87Ro9SBaiFJ9nigJzdz5oHhWbQT2ysnxX8iCcqkKpak=":{"valueMac":{"type":"Buffer","data":"x8Cew0YwRWDsoOj81WyrpsN4bZ0Pqf+tjpZnLEFGQFA="}},"MtmKaB8RePVfZRPAn69x+EAvpI3BShBXbtWt0RTEvtw=":{"valueMac":{"type":"Buffer","data":"117eeHyD3MwdTUTPdrLLPA2w7SFuSCmeDl1d5ZWI55c="}},"UtrnxFKH1+FLA4Fqqkif1khyBEjuv320wfqnByoEfio=":{"valueMac":{"type":"Buffer","data":"cGruhHJHGO9JjHTLuu/wTLUeitHmDHcqSseIDq989aA="}},"ZMGz91W11EJ4Wcs7A/AXFjXJgyNH+1JB6FY5Ix3bLNQ=":{"valueMac":{"type":"Buffer","data":"e0Xbqqkq3q/ojICHfJwc3SmGVrUtdL9kX/COPhLDWiI="}},"ZE0xJRaZYVglh1yQvIuJjZ8iDG/BC6vS6/AfJ9y7y7M=":{"valueMac":{"type":"Buffer","data":"QjB2WW6semQAghJrzo/mPe2qP6VVEWaMah+L9VoLy9E="}},"GOCzfIe4QCd0SQzXOuqkBgH/PcQl6LprdscAPE7GZKU=":{"valueMac":{"type":"Buffer","data":"58mp5wcpQ2PO5DBIT675EQjkYPN6GZLmbHW9lJimDeU="}},"hNhzEbSolxTzful6Ve+NIipFNPg+UFio0GKfzYUkowY=":{"valueMac":{"type":"Buffer","data":"8Ah7Dxlz5x340r88NPuLeuuKc/T/8g4koHQp4xL/LR4="}},"toMJnPrPP0EI3u21GYAWc0h/FmZ8SWIafSGOWCyGv1c=":{"valueMac":{"type":"Buffer","data":"J5xxbCd6amhZo4XTL17cXcWhGlr8ok+aTfOO0K/GUFU="}},"Wh1winaC83piCIl9wilsWxYyzRX8RFcRNTsoY9ij1bE=":{"valueMac":{"type":"Buffer","data":"aQerHxYloHp2X5e5Qtg8ANlmyKaFmYB7LlezVHmoNxw="}},"2Lts0XgAqWSuexPpooPf35jI7P4xxoLHU1HhDM5IChs=":{"valueMac":{"type":"Buffer","data":"05a0anDg4sD7zzBHRCAChUw6NEty7EgCIAfbw+Ehlb4="}},"J7nTzmigDqOnfNkHRSmu4kcHas+R1n3iFg0XZL4+WkM=":{"valueMac":{"type":"Buffer","data":"875/npRrdGT9+6C3NR750f3zYrpkmkRJuFIFLVtLp8Q="}},"yS/vL2WF7k3gIA8GtbFQmVPOlhBXR/GkD6+sZgbaOlQ=":{"valueMac":{"type":"Buffer","data":"g/hWsEt0doyQXLr18Ib5f1unaIPQCRn/C+MUxqWIgxU="}},"Iy6PWmziDppUoszl9Wxslon1npIEorl3f90dBXAv3lc=":{"valueMac":{"type":"Buffer","data":"fMNM6ZAFU/wazBS0CuOvAgUTe7ijkeT3ZVjIZD7fLmc="}},"bK+D/pmkSBSfcCnA5t1/iNMpXkYTOD+xhmZSygCbjKI=":{"valueMac":{"type":"Buffer","data":"xJY5PJFe70IBxUPWBomWsL52WCrTWH6AtfL01OhKs+c="}},"x3LNFd9Vv1ZmuvDycsJhcpx/oLdvMIslCQOIae22od4=":{"valueMac":{"type":"Buffer","data":"UAIAw3IV+P71xJiVEJL6pS86LNbLwp0Vx2nLIgyTZjw="}},"+eb2VucE8120Kk5QD62WbN4PVEjjZzTn2hqp6DYkF8o=":{"valueMac":{"type":"Buffer","data":"P0s2K5zAJV6ctLAOJ0wTSvxySSxR8XqE05AqLwmnAAs="}},"jmrwQnyNXWlpKtsl5l6pxbLmJGC2T15sf5un8uNbuZw=":{"valueMac":{"type":"Buffer","data":"ZZ58qyNrHhMqV0fhUKeh2jqFtsk5vNnIWNgVa/BUXZ4="}},"KYGulkiLyzZ+EmdJl0BZSqC58vWMjMB26XErwDEYMz4=":{"valueMac":{"type":"Buffer","data":"+Plm4Hpj/CNs9grHmcN504tSEF1d3ujZSdoUOg5dw4Y="}},"E9bYJiCmZ1B/jFfiFt06Kk7eddTvyMCuzJOltjQUnPQ=":{"valueMac":{"type":"Buffer","data":"JdXqu65h6dulTzYeTtSK9TUVNP7MSrm0xmHHQoB5kKU="}},"gWI0JY3KtENf1wC82vLtg/CJ0lMWLIaYaZB00jUbLfQ=":{"valueMac":{"type":"Buffer","data":"kduTEXN6nUn/fZTx09PIvBnWbkmK6nrcBA5Rzodrwh0="}},"8hs7ppIu/fv01jxqpS3dK8Gc+nm0jnzzsTOo92OqSq0=":{"valueMac":{"type":"Buffer","data":"w3xyZWLn0sGnwVusglYpErQ1Z93kMuA7yTfQkXPH03w="}},"zWdk9hSgBjOs9wHa/E03cDXiZpIU4KLUygR5T+W5cEE=":{"valueMac":{"type":"Buffer","data":"3ztMW0XPF0QHIdr7+AoF3oHFqjM5+CLLQiJyDC5T59E="}},"693o9NKQZ187HVX2Jj07LsgBoHa3t2bMXBhFay58EK4=":{"valueMac":{"type":"Buffer","data":"7JiL2hhyFQisZt/nClkcoCtid7FFM7X8tU18JyhyFmo="}},"0Rq8V2rloO5qOsZ4WudLpsNIcKJ7YAdQHtDoPTGyJaE=":{"valueMac":{"type":"Buffer","data":"61l4L252OA2euXEjZQFS1mPoDFee+/P2ifRDBV8eY/g="}},"ZBMcMT/chArA3+dKgBcgcBxnDz1HwvPZg+/BfP5OXMI=":{"valueMac":{"type":"Buffer","data":"c9k4q7Rp1tA4Kiczxj2xEr+3FoSZKeKT9kcaUtq73VQ="}},"XEqG4yiOuBkL+HJPQ5Md6+Yx+itb6xEOOvoN6MaSWU8=":{"valueMac":{"type":"Buffer","data":"eB2+dXCU6HG8lx50jMlmo7ocUVL3TPZhDzuodnudzE0="}},"1P8S6AFHSqWKnzIzrQRH9PdpLMVVIhOUjVh/k0maKmY=":{"valueMac":{"type":"Buffer","data":"yX8VGe+BdHeviJvPAUwsLjweazg0GOyfhiXJHz0NVdA="}},"qZ9S8YnkmhcLwivi8auKN5xlhgkgskjVAF8fjwwMBgw=":{"valueMac":{"type":"Buffer","data":"A1uzmvXzEJP20UzQXY5pf/7zRg1cTmN/BOwB+RVM9IU="}},"YmFuYL7HX8zFuRqhG3xjtFG61FqkQWpJCfOfSiIfMfg=":{"valueMac":{"type":"Buffer","data":"dIjBcHr6GtzNGfVhqO4unjWPKoW9quCGZHK6urCjfBM="}},"lW8O/PuEy4oFS82hR1Mp6vX3FnlRdRWcL6wU86kSlos=":{"valueMac":{"type":"Buffer","data":"9krFQ+i9MEGKfzxDdx32JC3ksoEkENk21hVh2DLiLCM="}},"QJPZfBIR7hI9942tluYPjzFABz9oAYAGLryjDxv+0yk=":{"valueMac":{"type":"Buffer","data":"mzeZxN4xpbgFi3BJrXmGYcSrr5dX7nQhWdRdmKy4jRQ="}},"7dhQCp7TYI3DHPKoQv2d8h1BHY5VdKEc0QBw7JIooZg=":{"valueMac":{"type":"Buffer","data":"0MuIo4AUbIYN9cLL+GDqhiezUMRWGxQUBd87tevBHbU="}},"4yX2IM8GZgczlIP1z3pBNFsK90QEGNoSKvKghxQUWs8=":{"valueMac":{"type":"Buffer","data":"CHoHBu6v/4gNVge4XLAQlS0Egr1mwyGSSVZ71oxRpmw="}},"a6hrsaUYLk63cC0csW1QzEEwMPURRtjl9h0nGx68MQc=":{"valueMac":{"type":"Buffer","data":"RamflVNKFuYD0sRuOWzUUsJBMsBXaqt3GLZCEbTodMo="}},"+0od5pbx5SNwIlYZ7we6u3uaDoEDO14NFS2d3gwAIVg=":{"valueMac":{"type":"Buffer","data":"a/oMVenn6UIFyiEuRwjpzDflA/zJrdmI1zk7kcI+Sqk="}},"H/3ba3UjO3sxtC1ImdXnBcINricCF0JKp8V4/ZIDB/s=":{"valueMac":{"type":"Buffer","data":"UXwnL5NM+V2O0qps1/OPynx+aNwz07OMffbp+/VhICo="}},"xyUmIa7mCHeBwURPD39KYU2tfjlN0oAY1kYFCI4nqEM=":{"valueMac":{"type":"Buffer","data":"xYbBSuLuBLN4XfWsLrEddonggJYxZbV9uDCQl+Qo6BM="}},"1Z6tGqOUUqKxtH+gF1UV08vPz7vC6bTIU8SiDUtm2ow=":{"valueMac":{"type":"Buffer","data":"ntsa00hojeFoGLkWUuss59UjukXQjni4of2OP7FS590="}},"PHGTruU0vAHvTUPDwXNAkFGG5OPn+uXyTHAs9kc3TTk=":{"valueMac":{"type":"Buffer","data":"GkEJ/J9er34WVnJ4deHxAfU2TtftOMPnX1bRAsuW89I="}},"AiOTqIqhew3MKYb/q5Lce5sDjAy7APzr5zhuY/PpZHA=":{"valueMac":{"type":"Buffer","data":"4aRXNDuCHHsO6DvSRHSFgbXfi3ySjl/gRnYeLQ3O/OU="}},"zWzgy27CkGUSeBg5HNDk28vYqAGjJi4gBjI0G01qnS4=":{"valueMac":{"type":"Buffer","data":"EZ3bXp4RKHtVPybVF5tODPH1Q67DhZ+Ohqn08a8LHaM="}},"a2M2maCjECW69CzLwXRanPSQo2P8FI9wChGfxrlNz6Y=":{"valueMac":{"type":"Buffer","data":"uMtHGu7GrmjviUQCwY2O5/22wC/uV4J1mdhPkgyNd9Q="}},"C3A/6uW2UgDNCvp+2slCBG4zGfEQOvyY8iDfcOzqsI4=":{"valueMac":{"type":"Buffer","data":"0wBjbiB6hzk8J18hgfHFW3805qrA/d5fPCNjTwwq/qQ="}},"ZMSVpMBhLd/G1RmWCaVObyNSMJU1oQ6p4ZaU9Uzlno8=":{"valueMac":{"type":"Buffer","data":"2c/rPKaza866jPbwilIxrA/Z11vI52beOh/mvUnI76w="}},"S6c2W5WOnjTcYHpqAfyv7XqXu5z+S+fG1AssREinlgc=":{"valueMac":{"type":"Buffer","data":"ISI89QMxMV4RDF30tUdiIVVzFCw+QqtmpHrYhjG3A9w="}},"8T7nMko5oXcbF1HRraJfnpZfATs0mz6mfjq5dfluPGE=":{"valueMac":{"type":"Buffer","data":"1lFjpAZ8/SbGEvVY07h1rq2r9/Vu/FgZ5g+WluDiK4k="}},"XxslsqyBG4hici8gu93/F+DFT0TvYo4Zb70l7AYCtik=":{"valueMac":{"type":"Buffer","data":"pjCiLBV07vYrTXx08xl/Thh3Q3IaZCkQUJeNDnNeRa0="}},"7bik7uMbXWbPdWy36jDwftbtskMn6iwMCJlNxSOtIQY=":{"valueMac":{"type":"Buffer","data":"MPKIcpv9YYTlQeBMRsGq9NYubtK4FE4MuaN7tPVKfv4="}},"I/EXGF+TTuMKUuE3nk76fTPNVLRwrMC5NomK/pwvAhg=":{"valueMac":{"type":"Buffer","data":"JtffGHp6zHHAWfqKc3Y9CyjJjCYZU21MjzmiHZBSb+A="}},"nIaYGmOcyAbMwkwM5B3u1WMq4IFNXlpTQlH29sjHgRI=":{"valueMac":{"type":"Buffer","data":"eheDsiIzE0N97EjWn772bWMM02FnDJbvdJWBO49OWno="}},"282XdpTSLd1ywIeB+BLj5MRx/DDjLUQkhnxcBJ0Uh1U=":{"valueMac":{"type":"Buffer","data":"mivzvCzdfDRQDwEXa0e8MjAH51TjjH5VbCeLq7KZ39o="}},"fJUqx8wiR5IRh4Cgg09fU4ZvioRUSOEISETla/muX+g=":{"valueMac":{"type":"Buffer","data":"pw10mMRoHU+UkHUUlklDn4Dg4LzCn2Cl058mb6OIrtc="}},"Gl2MKwoVOEdSI0FJ9rO1LpZtASu1vYA3FELeRFscmMs=":{"valueMac":{"type":"Buffer","data":"rYafP//d3RF+2+eg5Yog62YaBAg8moNs7JTZ8Wmg+No="}},"gY5LqEP3tyIW2DmQHbXaii8AndBhfQ7ApjxLnfF1Sx0=":{"valueMac":{"type":"Buffer","data":"tI9AHxXwXIRC2y6ndUjapDkVoLlKLbylwuA08vod9OM="}},"rxRqocKqnw7sbAR00P6kf7P3EJWbmBWU+d5+R7Pdg3Q=":{"valueMac":{"type":"Buffer","data":"+OXjEJgMHoopPRQGJTK0fBT1HJRFngs60xb4it0sXRw="}},"kaI2bt3kvsKeXTOEIMewRLoKl5UVd34TBsvEjRiMC/w=":{"valueMac":{"type":"Buffer","data":"LXQKgG/zhT+MU+6spFMR9LIGYlCoq7RTXY3abhZO6yQ="}},"5F5nNPMLUEpPqf0x2d2JF0Tfa7VQjC7fpyadyXObBEc=":{"valueMac":{"type":"Buffer","data":"See7kZBxxohGXkcbbTRqG6xyYo1rvcQAp1midoPzsoU="}},"OpAKnuxKiv6dtZFH+KNXp3F2B4h/S67LnvxHZkYVhcs=":{"valueMac":{"type":"Buffer","data":"k5P36hXP1FrP+0reCwVsq7qtBjA6/b2RQPkus7dnBug="}},"EJG30oLG6Co5uLPSVduHlqmZvMmBmIh3LukVXTWrva4=":{"valueMac":{"type":"Buffer","data":"6ZYx3QwoCuIH6HublH0m0JiRUhTVFSYSl0CZI7pRo70="}},"u2eIswH0/NvpQanqAUeUBIMfANY5vt8hboRmYS2sRmM=":{"valueMac":{"type":"Buffer","data":"EA3zuo9ADkklwHW+iYk1g07WLwzBAzzP9bU4H44S324="}},"vl60Q42HqG+4eQpaeMN0YMf4e95/D4dh+aTHvcYysps=":{"valueMac":{"type":"Buffer","data":"fr/67hFWCXA9fHOwuMSI9s+NBT4Hf6ud7VnMinDqA38="}},"Z+ZiavcsbIb1pi3CqCz4X2YW4Hbm2R/4zR4qU7XKH/g=":{"valueMac":{"type":"Buffer","data":"s5WZJjh32zAop1OXxxUr4yXhp+q8ffi9QN3L55VepIA="}},"t4PRKAFluzwVg6cxIo09CpOJbYGOZkfsrUF3lrAaIu4=":{"valueMac":{"type":"Buffer","data":"jtysDn3LZOEE7mrg4UPphgO0scgZvUcr0DfhvoG/4qk="}},"ccVE+KAFHp/WSQCvpKnoMsJDOFgBV6Xy+/b/nowMJVs=":{"valueMac":{"type":"Buffer","data":"KSbnBUkDGW4jxq/caPzWS6FXUEjfmSucoz9wkvJiYtc="}},"gaRTEOd1cci+cDjmZp/tPekDX3P5dnQWgJ1CMep2M0E=":{"valueMac":{"type":"Buffer","data":"d/3QXpozRSSGYJAHWKEalhT47jrbbOGQ/zmXXfOw6Ew="}},"z46oNtvfj4g+Yy+M1xuoIumnWGpFNRSFiIr8Htp7gb0=":{"valueMac":{"type":"Buffer","data":"9g/YiHxxeHI5ioho/gmWtmcaX6Crhe0W4NeJ7JuJtE0="}},"WzpEXmmVhMlTURQvDX8O7ys8v9O5YNyg1jlXUvsFsCY=":{"valueMac":{"type":"Buffer","data":"NMKHL1Vz+Vl3B9V5kq5UyotO8tw0leMCM2kf0PHaTps="}},"dhIbcAvAXn43srkHO/+t/3+yATu2rX65nQATu+W8HYY=":{"valueMac":{"type":"Buffer","data":"hztFlRiW9VSixFZ+i8bbqojoFIjlGwNluho22jtkDKI="}},"lEy47WBGJbmLmAGMZoNZO5zqAw9uOwrTHJ1eoJIFjVU=":{"valueMac":{"type":"Buffer","data":"ZZwXtVmXKVt9of90t7IC61r+cxoZ2THOE70sF6qtzQw="}},"Ke6uyiK+0u6nDFcTzbGaVIBP41B2zEuq3c/cbfzqrPI=":{"valueMac":{"type":"Buffer","data":"DxEprAEcvpsAnTv7puYk7CGuOgGGQ5nMM8GJjXeMMJ4="}},"ud8u7tj06dZ1VkX6U+iHXfQGz5k6bxsyiTvrQ9mOL6I=":{"valueMac":{"type":"Buffer","data":"m6gdrl6Lp47+zCJbXCmE1ubbHgKCIAequN25i2PZeqw="}},"CAWMa7qlUtddYPf/JRDkNGenDtBpkdYPCqwnQBxB9To=":{"valueMac":{"type":"Buffer","data":"NC3xjlx3IYmuZob+NXHpnYTtLD2OYcVVHTM/hSh3ePM="}},"JM8cY01d6xkVfUWlbSl8BpioJzahtpnTC5+v4vAE2jM=":{"valueMac":{"type":"Buffer","data":"evtT2zYCafwQypb4B8rG5j15de/EUIWOEdRsczmXDvo="}},"0RoIIF8Igvlq7fxat7fVUPagsS9cIHU3Ysj+twnkBhQ=":{"valueMac":{"type":"Buffer","data":"A0c9T//DSil11fTBJOzBibxctUXpaW4kn3a5EnB3Lgg="}},"NAmUl86aeoVVFobFgbkKi2rexI4qWUtWA4bed6NNUKk=":{"valueMac":{"type":"Buffer","data":"TPBFUvGFe+s3uQ3wtCliK3+lWSiD0S3sXrZHRuKDMtg="}},"kpPTQQiCAsPtj0QTpt9H8nKa0mqLsrYJuLMCT9iflc4=":{"valueMac":{"type":"Buffer","data":"9CDBkP4jZVN5WYE5C4E4HtUBU52jLM4mbcSEibM88ac="}},"MbOb2Bu1kHXiwQr+1T5Yh5l6frvGre6AAQcUQFyrt94=":{"valueMac":{"type":"Buffer","data":"1TK9ZxVlsLuJCTv4KBFVteIJ4LDu6BY04emOYXBst/U="}},"E3x+LAVkRzTm63tcNsSab+cu+OCojneWFlYnYWyCI1g=":{"valueMac":{"type":"Buffer","data":"QxSW5QzaLSIZ1uIaz+3soQWAj3jsCxqYpUKKGG//z3s="}},"KE6S/OqXiV3/x51j+vHhptXUpcENQENUFG3JIUu249s=":{"valueMac":{"type":"Buffer","data":"N5F7TtfCHKt/rDzqIe2e1bkSYFHRrkLqpxMcPwJNTUc="}},"yW35e9jQeImZrjeBXRSwK1+4HOxe3tiURYDHq4qgqqI=":{"valueMac":{"type":"Buffer","data":"CpSCaoVfbBjfUwtsHBwbNv4XeqcFM14K9h1aA5nLzgU="}},"oJkM1JsHPIpi1nurVRiEXEMuUBln8SXMiDU1boGbhlU=":{"valueMac":{"type":"Buffer","data":"Pc2u1kbF2i1PrgRnWLrbJUlbVz1cQ66XhZbwp3dmWD8="}},"ljdZCkeELIGgcSVuV48ZyfGHpWd5v+IZP/xznKdgeNE=":{"valueMac":{"type":"Buffer","data":"dGPokyBH/m5z/+GJPu5w40MaGPwVN3yBLi0TnlPtzag="}},"8lb5De7rryvpUVJ7fisbpJHtwhm9OedtdEJu38n7pic=":{"valueMac":{"type":"Buffer","data":"6CyZOOmAuVkFgmKlasKOG1V8Z+6ePTYvTqWUKRdnyzs="}},"rwVYP9zSdqKBYpd1QUafE2nDjoVY9XlsH3sePsgfbXg=":{"valueMac":{"type":"Buffer","data":"65/4D2Z8DlIfy3lvX4a03JkXnJ3rzf98BPp/8ILdx60="}},"PAlIBZOI9nbg+vIQGrMK/9Fk0QcLcJs9heVs5NbtNpE=":{"valueMac":{"type":"Buffer","data":"shFjqxYjp5TtH1vNl2LdvhB73DBbmkczc8gzEepuDs4="}},"Gc9gn3Zi8vqGdzkfCg8fYdCj9ge+MnU2hh94E5YGwLU=":{"valueMac":{"type":"Buffer","data":"yAMLfpk291vRR+TS+IaxWVeyBJxxGLcdQhI9+HA4xKc="}},"X7ht5yAP6NEaFCHJBg6amhfC/IPMCNQibDP73yLYlS8=":{"valueMac":{"type":"Buffer","data":"E4KOLV7g5U7DUNoQOfePvXiVa+VQYDHIDf+RnUlP1WU="}},"kQacde9G/7/+cOReCcQwPwYpW092vTRdijlj3VvnPac=":{"valueMac":{"type":"Buffer","data":"UPMo1g0fDgTgd+SvZ2xKEguES7Qj53NlQEL01PAOMro="}},"KOcclpAvLBbtePdlbUmE3ZE2vZ19nxzc4G3c+AkhbEk=":{"valueMac":{"type":"Buffer","data":"5j7tedm/EdCh1akUzhYorUgNX+62goGED66kaCkp9Ws="}},"8UOHxzrbRw5/1C+SV6gZZqHjzr0Mz8De69mcRDejvqw=":{"valueMac":{"type":"Buffer","data":"57ytwprHeFAR9IPTCZnbTL5QtRqDdRdDDpu4FG0y1ds="}},"wOHx6K0nRz3eTjw2D8ANqd6gp0qLWgdjfoXisoYGLIU=":{"valueMac":{"type":"Buffer","data":"lq6GYVhfXavI6cfgE+3+Cr8GUkicDf5oVoAeBX4cn2Y="}},"2k8mrZIUkRebCQl7bwUroM4X36bD9WRpHUvsMU6pw1U=":{"valueMac":{"type":"Buffer","data":"uGaMPWc4ulfRo4aR2Bj7rpP4uatwG7Uo9bzxghw3WcY="}},"3yYboROp+hRasGF+ohBgsMyK587/M71BNfRyImZ0o9Y=":{"valueMac":{"type":"Buffer","data":"jNrN+xRbza9/sV+VAj3GxbFnFUkVg9kkSHS1DR+AD6c="}},"ayWG9Pqwnh3kCzjTSSMFVT+XwRZUJeGQi+NrZVvreaE=":{"valueMac":{"type":"Buffer","data":"CO6DJcU16+Q0MzsYs6aVPfo0ladyVidGirUin0ofj44="}},"aTaA8+yOSbh7r3BMeZO04ikt+NvDQWTwatIx/GnS3xY=":{"valueMac":{"type":"Buffer","data":"FU3H9PJKWthZ84ezCUqYFzJKFPrti3v4ZsXwJiQcUfI="}},"fBImT7M2jSflxmTdUTBqDvK8nMUjSOB1kw4uU0YvKfo=":{"valueMac":{"type":"Buffer","data":"BpyKBNE9RHKPyFkI1dtCAQQh5oZhi0By+KQfsnYuQsY="}},"YQ7xfGQbodFUNuiRHPIllZEyXWSROsikTqOWKyC+3OE=":{"valueMac":{"type":"Buffer","data":"7MAozdc3tsgQ+O2sQ/MnQjddUqQUDC2bg4MZ36R3GD0="}},"yIfN/4My9CEb20aWSkIvvBn5088/tO1RpH+iIsdTbGI=":{"valueMac":{"type":"Buffer","data":"2Yj2Hzxb3TlZkpuT62DpfMJ/+0SC/jk/mlxMWlS5YfY="}},"JGtQiUILq17ovORHurQb6AQEJcTJ5KcE7H5+RHtKZvA=":{"valueMac":{"type":"Buffer","data":"M4kSt7gH8WkW7KWdebWnVN72RxV1PhJnNyV+pPtOoVE="}},"VQwleJv+6SUDU19mrrfabyD5R7l4sd2eaQ8TMBJ3DSs=":{"valueMac":{"type":"Buffer","data":"UJxY3d59kJKoZAfWSQxUJ8ETdwvkRyyJpsivSo0IZNY="}},"p4wtm1nKxmg08k6bDk20sJPxz5vL1A7jZV1Gg82wCxI=":{"valueMac":{"type":"Buffer","data":"KmKJckLmF/g6sFgNuhZj7rFTozEtko+0m/Xm1jS2px4="}},"glJKL+hBJVE3jdaa8Y2mIm+GO2piUnO7I2g+080ho3o=":{"valueMac":{"type":"Buffer","data":"j1vlM6sAc50kpJKjYwdO2tV436MYwWz/cvQbQbWSyGQ="}},"bR+Zlk/oY8WyKbZXm0zTRCJQ/b7qdOeKOac2Es0zWpk=":{"valueMac":{"type":"Buffer","data":"XJLnxsj29jjoKMg8v3MWkd+TI5HiM/roCmNeAqINYcw="}},"MDvEMdXiIJw1AZuGlCh7w7uaghMOpHQWu5UfYJuH93s=":{"valueMac":{"type":"Buffer","data":"3mmGlC7PoZsWfd3Gsf2OuQiNAxQg71ojdApTYYxUcOU="}},"CoyPQ/C2dYq47XQcRju+vvgTNExl+5mS3hJ3XfT0/LQ=":{"valueMac":{"type":"Buffer","data":"z80ksM212Vcb4TornkviCEEPFtcp1oHZfz/Jdgus2lc="}},"TJodTS1xqmkmSyrqrzvTnTes4iAfS2tukgDZF6eehi8=":{"valueMac":{"type":"Buffer","data":"ohWx9Ys2qVJfHzoW3n28xrE1x9U7IBBq1DjNp630suE="}},"7ARMgdR4nc4jG5uXK2pDLs+sw0JATdnQ7L+Jy/VpkAU=":{"valueMac":{"type":"Buffer","data":"QiSvVJNhmK7uTL/PhaxUV+ElBNT9sXO/VRS4iDwIoUY="}},"RaC+O/sl5fFhWAEoUIsZfYAjiDTBL/QNS2I/DRl9Guw=":{"valueMac":{"type":"Buffer","data":"OdP9oX2rJgtIN5EHOipljZ/cqwbUJpSPQX4oysNdt9Q="}},"tkWyZdNDU06+19SXM4M89uCCz/5Ddd3jBtEWT03duzw=":{"valueMac":{"type":"Buffer","data":"BEfli4LkVkahwvX+QyypEJfyvP0sXMzKDxE6k7gbMF0="}},"Iz515ieiPnNJIrtVsQ+6Qcsjvn4s5Ju78gfzIuqSjnY=":{"valueMac":{"type":"Buffer","data":"XEhUdbkOiwK6+mDNy1G/15pvDZLr4Yl46e1n+8qZNjI="}},"TOohoW82aDzuOnZVppmgWWIr0MNctiNnay5oq3/WDmc=":{"valueMac":{"type":"Buffer","data":"kl0yFGB95Iy71+6oYsg0RlE9NV/VsFtExhstMpNJer4="}},"p1lI1CvQyNHUx8azlKvtKLqBzDVlvhYRKjqArA2vngE=":{"valueMac":{"type":"Buffer","data":"PIgC8R9sWtX0KAe7b8d1HDH02dWcuAShhQYGS/z8CaE="}},"diD2ZqsKAKb814xXP1Gd0SAjOFJxjmJxmZKNWZMQN2U=":{"valueMac":{"type":"Buffer","data":"1tna/iWM3f7Ha6ep3NwESBNTtA1DYLTA4qibL9vWE+s="}},"PbFUxu9sMTdWLRBotPA+s29k8IrpisHdVwG01LxmENI=":{"valueMac":{"type":"Buffer","data":"MVyaa7oj5bQu5TCfH70WXlRiZPbLOKmMWo1BZPWBgxc="}},"PqUMMnQtb9pfl4uaBSyPn3JDo4wTJHWn3fV1/TxsdW0=":{"valueMac":{"type":"Buffer","data":"AVLGaNZLZLAWo9okzdR1ouoKQA8e2zBMJMbbnT27lu4="}},"KMWGc0jVlkgCm9Qo++1O2S8MChJ4IukiTl5rUZbzics=":{"valueMac":{"type":"Buffer","data":"7KEKces0b4YoR9yO56cYF5KaBnis+/iq6EVxVDZxc+4="}},"VlJiRr+cLU55dBJnSZu+wGFYPA8IjMEO/A9A0sY8YdI=":{"valueMac":{"type":"Buffer","data":"KZm7PyFit1Ruhl/pn9DTe3rNzfvpGmeye/IlpXazqB4="}},"iboQfie9RaH1h0m/1cVrisLj6jFkcwA5TnQxI8v+59w=":{"valueMac":{"type":"Buffer","data":"rNZ3gnF82lIGueKkEw4/idXr0PiDVVxLCI3/vk167ZM="}},"xZ7+vXxi+gAln1NKozJDYyiit8+DVlPV+GcvLURnsvE=":{"valueMac":{"type":"Buffer","data":"rNWnXt+LlN7kfiYglfGOZImzU+uzHsWvPjTwUWJtExM="}},"9K52e8ydYrPKYaw6ymYOXDXwUiCsU6Q3Jk7AW2lXMJ4=":{"valueMac":{"type":"Buffer","data":"e5d7sN2kRxRBtksXnvxHdgB8ZWI2ZmjTZgeTmKFMS+8="}},"c1uuen3KvLCZATI8UQcms2S1BxjBJj8qEX174pelGuk=":{"valueMac":{"type":"Buffer","data":"33A/Orcq9Yb6dxryO0kpnfuaUvyD4RaPRlcIEZbxPD0="}},"GTLMzIb4BQaZmBgtKvHggq1pRsXmYSdTObqeUwyT/S4=":{"valueMac":{"type":"Buffer","data":"lh4bb7fqow6MCmQ+L52DCpVraNHl2stZwD5qMO0lFO4="}},"zc20JsPA1emuyG0xxCFxL5eJOMmmFHnwrNBQTNgD0zc=":{"valueMac":{"type":"Buffer","data":"uida8Zr2/q/ut0OhEv3JR2+RJTqnSlByWbMZM7VmC7I="}},"bwMkr4FQxdfbAvMZRLVf3CbYrWU5cCzISA1YgOMkjnQ=":{"valueMac":{"type":"Buffer","data":"8eJWNanbt1BnUnMUEIb4GDTVYYpfsWNLTPYuvKUNd9E="}},"+lt+2xnX7Qp/Iai+WQV8z8dJCOgEf4q4Dc2tg1rtBSU=":{"valueMac":{"type":"Buffer","data":"K0MF9nnY8wPlC09JwU09DmD348LtDlr8UMfCJP9GhO4="}},"Roz7pO06f76qRby8zq/oxpn3GMNMOy4vlmThNHpgKwc=":{"valueMac":{"type":"Buffer","data":"yfHifri2+0uc07h9Er/d95sAYrrs6EAsbM4HIZMwLPs="}},"PLkKNphb6+w+oL2yjI2lcsju2/v6/lwe00o+2ahNCUw=":{"valueMac":{"type":"Buffer","data":"5Ws3dDYaTMbpn60vKl94vlh2iSSmex+lcOtSuyvMMMM="}},"v91bW0k2shBY5QbJ8AZWgb78j7sefS4KsOGgbCzGqYM=":{"valueMac":{"type":"Buffer","data":"csqLax09MKC3gIdG2aK7RejJdDVOkYfVKvQTn6Mx4fM="}},"dSnobYGnK23XFhjO1gaIbPKRYeLlrnFg/ri5TcX9TfY=":{"valueMac":{"type":"Buffer","data":"vfsXP3C3+tKV0AlgfuPHI+LMUQCraHZTRDAMi0sNgDk="}},"d/SGLtgqs668sX/oyJR3KgDcV6nt0PssXONsCFuQ9yU=":{"valueMac":{"type":"Buffer","data":"F2wlnQBgneOagqg5E7TcHOe7One8BWaMGR4NQBLvMbM="}},"Rvz4eUlPxx3z/fV611NdL8qQ7HfPGUblLNGmNyIGJHY=":{"valueMac":{"type":"Buffer","data":"D0oprQAvXQcB5ACAku2zqKHWyvVCpbFwMsWmjXCRlDI="}},"Kxnya+p7M2Oh4NsSyZcuBMiKFRt2y51T2z6ybWf1A90=":{"valueMac":{"type":"Buffer","data":"lPGwbOvaEL6Ry+LR5NJA0ZheB7/V9vc/9ra434KGsd4="}},"LuJ6OljngmYbZETcpFaK02u6I/a9f8rFI1cHqPAQAeM=":{"valueMac":{"type":"Buffer","data":"/P981Z/KH3Bep7UShJy4Ka2yCOXYGYYFqoLrD/DMPo4="}},"u0HXv2LwZbDGYxnLf0VhxZWgW7Ja0tQ5dYA7InMqPyw=":{"valueMac":{"type":"Buffer","data":"j6gzdZRoEapU6PH9cTUnO2ItvUvDYiKynRiLGDJ3LxI="}},"H/+J+iozFndY8C+T8211qUv1PYNdArLFsTy37z1/PjI=":{"valueMac":{"type":"Buffer","data":"HOeCpK3fGTXW/g/B14+bVwY4n9J4FmN8LiTa9n2bK9o="}},"e6wU9X1WTzZYKcATcQug7nx2ss4dSL+Nd4T3R/PXxV0=":{"valueMac":{"type":"Buffer","data":"FmlaGLisZVi9HgUaiFNozOvGfisfbTlpdXruBA9Rb5Q="}},"Kbzg55/HzpgPZMrvjtuE2ZXbpkO9gPugioyblrRlfRc=":{"valueMac":{"type":"Buffer","data":"3wFyTbYCaVqBivJrnocaDcbgo27JIcXnzq2mzZQGaFU="}},"+QZhePXXvX52fb2WOPegSmAz0vDIhOqpUauPZ5aIaIw=":{"valueMac":{"type":"Buffer","data":"GaQelFKUb9rs4g6FVeDxvJ1lKjyVDP1al5XMsMc38+M="}},"favm0QAJ73frfPBhH4yMGYH9YDkjIaZt0v7wKYy0pmk=":{"valueMac":{"type":"Buffer","data":"IVHenl55ul8cOrggo2MS33pZspk5NMNvnjbsHNJl71s="}},"5c/iYgmpaDy/0r0gtj4DHyTxvuRCCj7i8VUPrhAerOI=":{"valueMac":{"type":"Buffer","data":"PxW7J8Bh1Z2i5l0Y4jwChaKqX18MJ2AgXF5pi7VYI7Q="}},"z31FJ8YxATKTGT/mDL9CepnR10jY78fpACs9hZ6jthY=":{"valueMac":{"type":"Buffer","data":"nRCsGClTQZoU/veOA8SVJjQyTsh4DlHKfWfPrAB+mBE="}},"AzpOLBz5H9WLLeNEFjrg0jg33jbn4pMw+tzW3xIdDA8=":{"valueMac":{"type":"Buffer","data":"neHtL3U52PkH0//8ME2O8fcfA/+xwKu8Zc16vdq0ReM="}},"kjVL7cUYBoMEFNj8U795zHUMGJNBGHdYXpKrV+yfHjs=":{"valueMac":{"type":"Buffer","data":"0G2OXZnOe4dgTHryl+cywrrR+WtDnsoYDumw6PsouYo="}},"KJH99OszVACB+T6KfsR6fxI8+MsE64f0DlHnKSzzuO0=":{"valueMac":{"type":"Buffer","data":"66Co4uDI6I1fAF074LNt4YO09RoIVJ/vaWAVzBl7aGs="}},"estSahDjYDjhCjnA72MvyA6wHkdYU2zANlO47ocoy8M=":{"valueMac":{"type":"Buffer","data":"78dz4CJT3ucxnkGU394sR7BKTJe6myvQCqJGm9mjlns="}},"YVzmRUZJxNIpotyW4vPfa1c490/A45TjlVU/8EqEp+g=":{"valueMac":{"type":"Buffer","data":"EJzXwNbOHeNYCHnEIhS87Cw9iY2U/FZcpi7b3HwXUN4="}},"Grimw3NRwenVi6fpOQWd754EzNjBZvP5DX/DYGbwy48=":{"valueMac":{"type":"Buffer","data":"a8yHBl6buUPsX92IZ6dNFYpAU09PHlzg8l6uvw7GrIo="}},"EjrRVa31pHAA7P1mmTaZwGkkdoqpkD2dYUCwaF5eqcU=":{"valueMac":{"type":"Buffer","data":"LgHjOESWX7AW8T/lHSyuskG/2NcFYct/JGDds1KiDkI="}},"PMmlKf1/0aANHJJBeUKTlpQt3V+k8B7WhjCSLuvrfuw=":{"valueMac":{"type":"Buffer","data":"2gpOerASMvCCC3RQsaGI4MwztOciwaalE5U5Xbr4yXM="}},"G9wL57Dboz4oOeQY9XeUIN1yUTKC7T4IbYtp5ZlML+4=":{"valueMac":{"type":"Buffer","data":"mR0QK/pG0EsJ1CijIi/J3PZ6NgduxMBgTDX/iHaASkw="}},"KH3w+gcYEopGiUXpamiw6nE0itc9owtkkN4GdiDgOnE=":{"valueMac":{"type":"Buffer","data":"XDRaTKy9eATLbvZ40OoktNdM2rWcefADOyqHlMDiHbg="}},"OdenhDjL4coXpOE5mYLy046KcEm3qnidgob5UyCNzBY=":{"valueMac":{"type":"Buffer","data":"uMPlypLIlS3/XAcSASppOmAFTCwjXU0kbj7bUeiv1hQ="}},"r6nJ82orDOW+V6weRpwCGkgMv64snrp0QVAzJUuv8CQ=":{"valueMac":{"type":"Buffer","data":"kDmQzbm9piZyo0RI4d+YjvBm75wO2NSQPvz+nZFuEGE="}},"D9MY5SB04nUKlQyRHMiOtdRgRst25FO4mEcWzt1r94w=":{"valueMac":{"type":"Buffer","data":"D13b1l+sf7OQhyaaLFoHUcTe4/6kAU/x9C4evdolYKo="}},"RQEHuL9AyCc5PeKMTxV+RNnVoRTxdiURwdsjzYwzOKY=":{"valueMac":{"type":"Buffer","data":"0qHKK+urq2J4HMYbmg0OV7UWJfhXSZ6ueUCq+Mm9NEQ="}},"lGorxAH6An0/y/YPd48t3VbB+2dWwIWghtUk1TBcf8w=":{"valueMac":{"type":"Buffer","data":"U2F3KOffS2YonAbqBDke9dg7+aha1eN4u/m8xGaSVmA="}},"xB8YQMi7tDvZtZkXBdkdSfVUZmowLTt8ICstV0QMmi8=":{"valueMac":{"type":"Buffer","data":"P0OZFWI0Z83CYZN7tPSYBJP+RffrbzQ+g9n6yoNGuRs="}},"1YLwLH8UHLgjibFb2ykCp7fbDVJypqfs+RtYhcedo1c=":{"valueMac":{"type":"Buffer","data":"mTG3LQHGpSu6FBxnZCCgBQgg2RtMas0i7bRtdu7I2C8="}},"MS7kQBd08LFy5eiY6/tgA30K+DLgsYPgREL55Zs4ilE=":{"valueMac":{"type":"Buffer","data":"Y99u+34KKYPCvVjM43eT0hQttwUM4E3gvZpTJB+8Kjw="}},"jo/6PKFqa9LrrTF/8/9/+jERhk4w4tbcs501I9qvj3E=":{"valueMac":{"type":"Buffer","data":"xIUbSjW/l9AEBvVbiPOz+lQiem+dElvACRgO2MMqFrk="}},"pKnXFVN7iag62WVwspkGXMgXhcIkyprw7P6JsN1K7VM=":{"valueMac":{"type":"Buffer","data":"38ZAkxdRhRJKb5oec7flqzTFUEFr7k5r8v147/CXYks="}},"w2OQUPal8hVG/owOxjzNTdziqFWT9grdQ6S8k2YLze8=":{"valueMac":{"type":"Buffer","data":"k69fa3Yr821rH2NaN5vVNp9RjSiElcDuTFaUt2aEk0M="}},"HWFjXNan1aJQg9gr44dqzZzEdWPQSEpIThrPrQ4JIUU=":{"valueMac":{"type":"Buffer","data":"WIClcmsVffRWdoRcwRcx9a3tnNpRcikURn8ymMBzgkA="}},"a/SXbn0G/G4rNaysUp9U1/GYjdTNTHPChdX4iTk8UP0=":{"valueMac":{"type":"Buffer","data":"arDz71EnX0HPbe52PCLM90+8EgvQo9Yz5SO9y2JquSA="}},"20mqtWghpyOZyIopaw+oQ/6eIujpq+A0F4lHY8rmXxM=":{"valueMac":{"type":"Buffer","data":"mlE2LL/N0235xU5hdzMTUjBquAg0b7fcowGUJgG+GqY="}},"As7AjTwvXqZLn//WjNK/zaY9kWb0QvTx+Kt+t9eO4Iw=":{"valueMac":{"type":"Buffer","data":"TDqXA2VLx8Y9SDAOYvonBOa+Q3STV0vYAQ47rJ+DcIc="}},"qeC/oWjbL5qBkSRSE06c6SzY3HBKAdmJnWUfB9jppOk=":{"valueMac":{"type":"Buffer","data":"uc0icYepoyVzszKIzRJ6TJAu7H/4F1j3C8URDINJ8Ag="}},"Spn7cs6lhEdNe2QG2deGnn6Nbd84l1n7OilwZjUjo20=":{"valueMac":{"type":"Buffer","data":"r2dK7ym/XZSdA/JBGfbictsW3enG0i33c4BI3YgBGm8="}},"kERaROtDDBZP9k6+BiMCenD4Zfc1eAGj8b0ZhfAMYFc=":{"valueMac":{"type":"Buffer","data":"lTF7+ly9GRD4oxiKAr4H+QtaxW9J0JsLRZA73SQUwWM="}},"jE5e5QNmk/9AckdMcdxJiVAyWZ6LMvE++bb6/OKWdWs=":{"valueMac":{"type":"Buffer","data":"XAC7kL+j24adVMzyrFPmV4ocAPh8WtwNeqqwDVBNLsY="}},"ctx5exhsObZ8R1HEdeLHT1wX1rSwF2aw4d+4wChjco8=":{"valueMac":{"type":"Buffer","data":"F53V2oGqbzQK+jjahImSyM4pfc1BTQzissCmsE5g4v4="}},"H4QdZz0aqh1UguoD4h8UTXDNH/3TeMAdDW/vn8IkU0w=":{"valueMac":{"type":"Buffer","data":"uzC1UXAKN7wTsGv4q+c9HREejJGsSsHQJXe3BAMKsjw="}},"SVIFIQY4jEKfvXWLvtGGvAKYBbibpLB0NpcB4aRuK7E=":{"valueMac":{"type":"Buffer","data":"EQIRwiPrWqunrmUvGMSph5sxpttKe4mV8nq53Ln3Dv0="}},"XN86OyRIGynFALuJx/ll+nh+PvOWybl9AzcTH/Uk0S0=":{"valueMac":{"type":"Buffer","data":"yNzSXvKUxVnz1vY/l+PooW99ZdOeUxhKjqkexyQXtdQ="}},"YZgPNRvDppXEYy6lq0P3GDMvvw8uzauDSQm42BXZG44=":{"valueMac":{"type":"Buffer","data":"ltW9JQY1qsnTyBPI7NWq5sdLO40DDPx9ttG7ta0dLQk="}},"Y+dnG0JWcpHRDByAYfuhc+NhFAFthRdMI5/+RRl2P8g=":{"valueMac":{"type":"Buffer","data":"v6j8JnxdIfK61+M6sjCS9RmaQxddfUUvF56ywPthY30="}},"19Wi8vS/b467/5CxLBxtr1lLIsNVcat10MWaRs2YOkk=":{"valueMac":{"type":"Buffer","data":"63lnAJl9R46W/SMhBkWh79nccvbr27mXy3H70Lgsugw="}},"1lN5R9OXBoN3bnov+aBcvqwp+FI0kPCD5aW/NDy9WYY=":{"valueMac":{"type":"Buffer","data":"48PeFx3YART6casnq8pqRKO9uxpiS5t6ZiBMqm3jguI="}},"vpcqe9L6TuLVzDtghyV3G4pz4ptkKa+UoTKrpQlG5rQ=":{"valueMac":{"type":"Buffer","data":"eCSFcj7FrzipKYRXThSGDQ9JsDVbP9JZ/RAxVyOIx/A="}},"VKN7vXW4ZdW/8BrHUTuj+Y428ZBxUcZyRB6PiZj3+rE=":{"valueMac":{"type":"Buffer","data":"S3+kf5lXfRsZhP5cjxb7JBP2VlgoS24AS/dN1o1n600="}},"cFk56bF0UiaEw6/13c0PsgAY6X55JuI37zLX/oXSxnA=":{"valueMac":{"type":"Buffer","data":"mddW598Bj7ogP9OD0qE9hK2yeAXhgM7EMxGe4PaFIaw="}},"v7s3vKtzsxaLYLgrG2XUCnYAMvxGgVz46WGGS/T5VpY=":{"valueMac":{"type":"Buffer","data":"qmrpdzoGUP7E62pBbDmPDedgPS27YtWlwl15U7+OyfY="}},"ahYV0QILjUb+xqTxIiOK5aaZWMvb+TqNo7EINFBPcUo=":{"valueMac":{"type":"Buffer","data":"YCnDmWd/+CXhKCRTO+ULp/stFJNUMi/62aKlVAJt+vc="}},"nVNetHZ33SSCDnrTsc7Lh98TH3fcXKSbCV26XlLUWGs=":{"valueMac":{"type":"Buffer","data":"+FOut5L9FWEIJ5G2lnC06W+Km57hPm2kBr5edYrWIBk="}},"seohSY2kv1iIVLO/rO8tyTo1bMzDZmtPp/73QNVWTn4=":{"valueMac":{"type":"Buffer","data":"re9w+h61i1N5Ez9gR+Rp3c48BrhWFuDf9ka7bPLb304="}},"qckJVNz5kqChehA3dkNJQumbqj5dQFThCHh1vO5toVU=":{"valueMac":{"type":"Buffer","data":"Qiv6w0csNOxuK7MvNPo5GHW1gDtH6x4Bm0vAz558Y/M="}},"acw8kCwBF00clM5qV+3n44UBHybeRejeFgBl30Kl69U=":{"valueMac":{"type":"Buffer","data":"bkz9byBKszNuqoY513UwZyqVRXSTZkJxDeE2kOyJwb4="}},"BbtGAGMECFG4dHmIlejTGEVVKmvI+ZSj/bEALRyxYng=":{"valueMac":{"type":"Buffer","data":"lcL5nJR+7LAMxPjMzyg6PUc4yoYD/ANqx8J9GR5Z0hE="}},"UG3Im1eyD8VtJJ12LRq3Jq0pStanyNR4KZwaQBqBirk=":{"valueMac":{"type":"Buffer","data":"MmVyEAW6e+pq/d0FH3PvgfY4AH6CODS9Ql41nYZikfM="}},"5KR68dXzCuXJDnvlL6vSiONKqfXcanCOr12bCuQaweQ=":{"valueMac":{"type":"Buffer","data":"vAcgdHtgmng/HmLdt5LfKX/AG3eU6YOAIgS4n6O2NjY="}},"VSAKSaM00TVfBHWPLgG+oHICTzZkwsJE/pjTdNaFxfw=":{"valueMac":{"type":"Buffer","data":"6Htt8VgFbo3pB2DXMdzDHMjmeZi05PN6zzFtysQ+4Eo="}},"fyslNnZwQe98T32r6sVU6cflvklsDcwUKFcRE7Iz+CU=":{"valueMac":{"type":"Buffer","data":"fFchgO3qJFLFGFWp2Wm5LEIZ+sgsMtlne88L64DuDWY="}},"4Rm//lldYKrbrBuHBGnW2a8AKNcvDBViwUkIqJl6LqU=":{"valueMac":{"type":"Buffer","data":"Us4jLclAtildwOZpS95vh8d/jTFXR4PhLk4ff9fXL5s="}},"h06S9tUa7EWc41kPMjon61xGl16ijmnJiGi0KtBfWn0=":{"valueMac":{"type":"Buffer","data":"uOjLtRL+Vj0wlfcN/Cg8GFPq2LNWZiF1XH3Wdu2jNAw="}},"anEgi9EBG+Ouu1hc3BEqi5fYlPcWsKjBY8h1R5Nrczs=":{"valueMac":{"type":"Buffer","data":"2XPOK+YqsPhLVkgZxTxjPuPiwLPIP3ekPfwWXrr/sSo="}},"sC+3YfQ6P28bB4ACEq7igs8UI5aeYCUvRdlTdzz17C4=":{"valueMac":{"type":"Buffer","data":"e0cJ5cO/JE043uKsB3+2oH5dWaCR7JeB22tFySUMtyA="}},"mY+WXClF5byijbHhHFKK5acTUAkJ0eZFSkNGfdSt9Q0=":{"valueMac":{"type":"Buffer","data":"zZxFaOv6P02GkuisIByPV+9Nlq48pdRGGMQOLOG3cgg="}},"gsTomSSIF8vWmmjRWt/josUmB7sD3ARRWQ/o8RJz+D8=":{"valueMac":{"type":"Buffer","data":"C24BkYvODrpbv3yc3oJ9MEgPb/JJ40rR/1etnyo/QGU="}},"AbqaHiO8WNCN5Sbs1fbLNZz2BUw/g53qMToZU4qKd+k=":{"valueMac":{"type":"Buffer","data":"S74TwwK6BeNPGHPGWV5EVnTvZ3t2BkjzpEv46IYOAQI="}},"ygv0lXajd/1obyBbQmFEmHKTqypdVJ/qd37dSY28XWE=":{"valueMac":{"type":"Buffer","data":"pupv66YS9OmmhiA3TN1qGlTxhaJ3n6ePYBGeMJmXT04="}},"xV24Azn5KCM64itsG4+QHu1RUk3FDH7pfh2KT6vrMEY=":{"valueMac":{"type":"Buffer","data":"AMKK3b4LibuwH0BXXJOZQM3PEBHpcrwLwJvrXdZilPM="}},"9ZIMiDoCxHCjGvv9k9b+ii11LDprXsK9iXSTqtZzem8=":{"valueMac":{"type":"Buffer","data":"uH2bB1MBT/nfJL06qb6aeJlr8T9QeoXTppa6QYpjqlI="}},"7ETn97pI+qojxV8wttUJ7H4BQ1im0lnlMj3rIOvLalQ=":{"valueMac":{"type":"Buffer","data":"L1RghzPVGTe7l6LYtq4TP1yCBTldBOYjhTQQDx7RGK4="}},"zV6VWE/v+HCNExKCHGeZu70GyH03Oa2Sde4lBxUrfy4=":{"valueMac":{"type":"Buffer","data":"zRrDer1KF8bI7QnBdlXC2Sqn9lQ+l5MtUcFPXiC+aHo="}},"uEpfSxuew8gPpHak8ibcX6/JVSeYa/0OAWwQdPQWZuI=":{"valueMac":{"type":"Buffer","data":"4WrwnyHRoBYfNAi4ZxQ2DjlXPZWcmLD557dRYCBD6jU="}},"6yMOYMI4RtFwxa77XhDN2f6Q/CUvcwxlMdGxtIduAp8=":{"valueMac":{"type":"Buffer","data":"UH0VZyxnJM78UVicAdzFFlI6x9b058lxwTb21Pbvywo="}},"iyGP/iwL17vqDn7sGkG/HjFKlgrqdO679aOC5JtOK6M=":{"valueMac":{"type":"Buffer","data":"FFE81q0E5I8Y0aAoNs0r5uUJjpPAe2uwKbUMmULgwWA="}},"ITmt1EpRkeJuBvRVZpSR7JKBEE0nhn8ifLzMnu0kWyk=":{"valueMac":{"type":"Buffer","data":"InAUofh3ax2iJCO5nZO+M+NYqjVf+bBukfTDIRco1II="}},"9qj+8d9FCLqVXO/4lp2/0j94Xdqfpuu06C3vZ6TVwCM=":{"valueMac":{"type":"Buffer","data":"DIyJ5q17EWodpaM9gZJfQCF/IWtDncrZo8MHuLrAnCM="}},"b72ByOozmz4lweoizwJyR6nKai8d4uvezK7hWrbqjy8=":{"valueMac":{"type":"Buffer","data":"9bLVb1uUx9pGAMMl/RS9lKAkx9JGOG4wbkK2S9g5VTk="}},"nWdF4OBn0DvDkNsA1LMMLyVChXiJSdM/7q6tMRoqDp8=":{"valueMac":{"type":"Buffer","data":"breIZnWBr0ZviMNKBnzj3g8A7sxtpEz/dDQDay7CdFw="}},"k9kbGu+WLO4tCS0x5yICwavccVjk+VxWs1Hjecc+nEQ=":{"valueMac":{"type":"Buffer","data":"66lMJsDyF/EyIrJhj/I9ZKK9df2XMPP/lbfBKU0EZqI="}},"0ly6nTgpM0LLO6NUPTczd6w4k0hmKvpY6as2rxdpsXg=":{"valueMac":{"type":"Buffer","data":"UfPIyRr0ejNpTz/JHn/Z5kOeBrBcHKhvnPpP8VARkNg="}},"tWQkOTyVtRXDtL+2n5prOZ0dcr+lPXZPdWE1EwjRR7g=":{"valueMac":{"type":"Buffer","data":"ZNfaiidAtzbbL6MBNql7GsZRiayDQyg29M2SZfp/8Fo="}},"jiMs/2Ox4E+omtqQ2s85qfRoK5afw9CtRbDhdBrToEI=":{"valueMac":{"type":"Buffer","data":"UyAER6HWUgbr34D3B6q7UDgFIoxJx3k1Xqm4NJODKDY="}},"+TQ7vDx3tOKnKsyeRFD9g68t62hxJ0JUU+Noz6lQH94=":{"valueMac":{"type":"Buffer","data":"7rpxy9HcWnFFFENUmKDpoYEf6hAuYdCkIFK0DtONZXA="}},"tRDyFf8tlzqF6Oylu5TbXG6mgAdaMcdgI5KMiNzcbhw=":{"valueMac":{"type":"Buffer","data":"/Phf23GA/o31ZdoCMlwJiWK8AZ1WSkLcR0yChwGG8no="}},"tyAMFtAfkXhxj/bP9vNcHIznvBkCxu7Xab8MPeY4FQM=":{"valueMac":{"type":"Buffer","data":"MQnROgLXajD+yUJXlvBSSwJhRsdL0HpOqW/dBJmYHPw="}},"A3ZHcM6TfRAoIjTIXC+8ih/uXpWCwzB40g0LTSTl3Xg=":{"valueMac":{"type":"Buffer","data":"YVRpG5vVY0bII23TmqxesCic4oAzQBxhWloSHqFBcYg="}},"BiPlL6YX2h6aFnir7xvIkZP7dEgr8lnctFb825Ld6Eg=":{"valueMac":{"type":"Buffer","data":"3CtsYgoZYGi95aFJthbYBWnaaGGrsNFmd6UcF4gb+QA="}},"mW08kOlHuiFex/x8yJPG8ESJ3Y0MRMgHkhTP0g6GAoM=":{"valueMac":{"type":"Buffer","data":"HGjy/TRVuX+5M8E9jt18usuHLIq8DNV5EaPu/mJPhZE="}},"6DjyssoawfCWvGzcKfESHlKX9/rYkhoOcfmLqACbpak=":{"valueMac":{"type":"Buffer","data":"2H3CzglMcpHShluLG9cJyrKlsXI9oKLq4r6NE40TUV0="}},"G1m8VnQiek3d2mgfsJtzBSYkRrtw6QgG8yzMNiM+gng=":{"valueMac":{"type":"Buffer","data":"SiSgHRboaEaoq5PL1HYwF/pB+NMvveMg5GOnCsLxLuI="}},"TI53o9JII0rb+4dtzC0RneNffEznOAmD4scJdOqWAXU=":{"valueMac":{"type":"Buffer","data":"Bw/63lvnmWdaGumf6K9XIa+Wq2Xhuqg4YVgoXRh112I="}},"aK9ZDqYyC53eetbXoaZ3EyCXMRLJYmtWqScHEvAU0To=":{"valueMac":{"type":"Buffer","data":"ZTgjKB2VC/yZHAGQpMCSvY11uZuEvWMnePBJxPL5Fmg="}},"R1icPV2/ALoSWA9623rT1ONw7Cc+8jCgRLP8DZ605Z8=":{"valueMac":{"type":"Buffer","data":"uVXR+Y8j8EQxyBJ13Z+lALmOBXEYiZ1YAU633zWln38="}},"HnPI68uCUwGN9mwPVLCjSvw/bNUgGnUM+ep1feselS8=":{"valueMac":{"type":"Buffer","data":"9PnKk0DcAxV75TQe++mpRD29MHh5qGK9ZKok/Kc5xyE="}},"c+gSDmKCIXebroqcX7MNqDWqRbA5T7Cd/FVTqJYgo/s=":{"valueMac":{"type":"Buffer","data":"a3gIK2TxvRvMAbUcMZCumS1xFOLvh94fXqzoNEKVgAg="}},"LjdWd2CeccwtkdkcXRUiYhinKCHnpaOyQCWYlKq6RYY=":{"valueMac":{"type":"Buffer","data":"tsxzKpsBD/1h1yQtmJHGh9tk2NwxAUhSzDR6IgQPKS4="}},"bt6UpkLkQYtWXLrWPVWb/3XVZHD+8q5IWZsxZ9QLpTo=":{"valueMac":{"type":"Buffer","data":"VxREjA5OaBXAydLgyzfhsuwjYQ+jCyNYpFZ5g/PWVuA="}},"mv9uzn46PCTUFc9EUtAvOHiZS0qf9ZUC0pJys34DeM8=":{"valueMac":{"type":"Buffer","data":"sZp9Zu/JmZYrw69AMmOrs/vYecGtzQRIdUW3hW1KLoY="}},"/UwskkdoHZOm90U7dtDQwzcTKYGZET7xMYMcYSSl0Gw=":{"valueMac":{"type":"Buffer","data":"ocrPpSMmAMS+Gb9BMGjMoN/YVmzaN5K19nuhR0vrrgA="}},"XzMKnpa/GElys1qMioD0qw0SM3Xk8dwpkDI4JGaRuCc=":{"valueMac":{"type":"Buffer","data":"WZUWJ/gLmpkO6MEP0g0OL1t9CfNANY3inWrpVRKGr1w="}},"H4cxhFWYGqcLTmQzV3JgF0Qf5EIspfN6+yeZmYeatak=":{"valueMac":{"type":"Buffer","data":"ugTyL5dE97kMhizCilAWomR6N+qN1Pu/aHz2fWcy1Ic="}},"p7cBuD4dQmhFGypYD2jarePMlo/JnJ2dByP/59J5tOg=":{"valueMac":{"type":"Buffer","data":"noNZoVasCmOcwf8czzVURO2kS3mZqaadO9StAF93Zbg="}},"38fk6Rbw0MNasxiyDq2Th0mtNJsAQhWlbItNRtDIhBA=":{"valueMac":{"type":"Buffer","data":"DjdFCGu0evkPnvftaBF9khrRSRYzfnHg4ekGtXSl9i4="}},"6vEEr6DyCswK00scmEY7YwQbQKZzJ7up1srA2Y6TtCo=":{"valueMac":{"type":"Buffer","data":"hy6rGOB7ix8IJIz7kYjo7VxpBfzxSd3pWkk8OHM+O/M="}},"eSvk68xa0ooDyVUF7oPA2pibmhGC7Hpg0fuORCU/lSs=":{"valueMac":{"type":"Buffer","data":"72siPNfwt+fMX6m7lBbzWdvG08WoO733XT4g3BhWERA="}},"0TV2jD/5tA0lBqyemtIj8mNPCMoCNa2YxcB9kCP3T+I=":{"valueMac":{"type":"Buffer","data":"/ovMpDBxEl7cMz4gJfrig5B+Bugw+tZ2BnVxWzEKnMo="}},"3E21UM+PGgxqzNxuIFO5PWr6kmE0hheNjBXclFz7/c4=":{"valueMac":{"type":"Buffer","data":"0UAhRZKyEZ+GTgAD4jBNPjXOsIwwt/Igkzg0HAdFonk="}},"GoYUyPTuSTOqwhbBzbofZfHAYCsbWzoz2jv2qOmyMVk=":{"valueMac":{"type":"Buffer","data":"dZTBGUXqv5wWSwhq2kVzjR960Gva5eGJs0wqli7Hi0s="}},"+57JSgYQUxviy/3NHb1FCRHCyzCFP53TCR5jv2wOhmI=":{"valueMac":{"type":"Buffer","data":"xrIcTKF1mWiFn5bSjlv4aNfbwM3kklhIX63a5ULYROw="}},"mwBPfyFJxYXEaR8zs66CbNb2lI5KvdYk2lS5cdMNJV8=":{"valueMac":{"type":"Buffer","data":"9n+Enx3y9umkMf+S6nhGxhaS8ma4Ig3NpVnNZXjjf6g="}},"BAE1/BxSyS5AZLOlWE+Z4Yho0mENdB76UVJ6jSFhjEU=":{"valueMac":{"type":"Buffer","data":"VVVx2YFmt3uwqkhZ3TEpPwZv04YzPZNrDVirfv8iwzQ="}},"lBr9uvqBJNtdGvdf0nWlIOGxpf1cGFe1zucK2Z6Faig=":{"valueMac":{"type":"Buffer","data":"+FXCuDuYpdsCAXaAWHRBw1fzNeHS55kBtajDop0Jt9Q="}},"ojxWOzofIomIS/R7tL6JYhHpTLI9sr5kwSKJb2t9B9Y=":{"valueMac":{"type":"Buffer","data":"i+V8UUXMFqtVXpGaPTAPhcgehnBjlU0927I31jF+cAU="}},"ia+RYkrk3HC4/NDxbvPS7XQwxjeUWYUNNZBzOWEpXyc=":{"valueMac":{"type":"Buffer","data":"M6b0eMGx4oD5wu3xzvQEUlokWgLOb8Nnc0QEMXAC+tU="}},"nL/jugvs49VAxRgaBKLxdp2BUgttm5Gr7unMPv9FSiI=":{"valueMac":{"type":"Buffer","data":"rahThHZeUigssS5fvZosRaZ2NrbsdHB2cqrUr7AW7iU="}},"TKsSdk3JPMb77yj/9pjVDpZ3OATd9jgHw/1eTPlHSQU=":{"valueMac":{"type":"Buffer","data":"J35aM5wl32RO9UXQ94bp6jIXIOlAbv18LBLCWKEb3Uw="}},"7644cixfO5kpKFdIhra2jU7Alw07d2e5Td8vuHNux8Q=":{"valueMac":{"type":"Buffer","data":"E10+zdat/z+1/GGubonPdJ5fN/3XnPtMRZi7rRKFFtQ="}},"e5nyTnHwi/SnMfblI+XAJGLevwzSweD31Ijzd9d8jwA=":{"valueMac":{"type":"Buffer","data":"25A7FfZRj2Ubm3Auh1nkH0kv5JUp16weHbAE+Ah6MM0="}},"Vk5n04Xd2QuGUwI31L3FLdlBZCWP6d5ufNlRejG2CB0=":{"valueMac":{"type":"Buffer","data":"hbICzFJcw2o51TgZQkJDwdfXUkcGI9tu0KmKVnUIsvI="}},"3AXjQpZKYF0WGiI/ZxMcTi50QAthEMLjmVJnjQ6gDOs=":{"valueMac":{"type":"Buffer","data":"gqyK5OglnC3yW7xRckp4v0fF4UlHedUe7N1qDiqiUrU="}},"t8OcLmN6QAGAOwr+pRC5/MMrV4vkfkFPZ5KDLqfDTMY=":{"valueMac":{"type":"Buffer","data":"GpWYuHp3i91wyK6V218EbP5lRxQvoz361jrFBH9RKgs="}},"YgjDrfNoIHE13h/ch1KZA28D5SnU/vwplZobZ2hOUnM=":{"valueMac":{"type":"Buffer","data":"EhPoa4XILt7uamgm6JmA/0vLep5KCCXWdhAHkRq0j+4="}},"0xYofgJ5x/YvWwP9nz8Ey+3fYU8LycUXffj3W5Yl1Ag=":{"valueMac":{"type":"Buffer","data":"6NpRo5bClXMyBNEN7b2gXZAy1d7itJnp3eAja9w+5RA="}},"iShdi1jQNZEPUzPp5wgToLfl2kyFyx3IV7JJrGzC7nw=":{"valueMac":{"type":"Buffer","data":"zS7Hgn8Ou2JacCooOyFGzRXgPU/7UdQ2K370tUhT+GU="}},"q0TSfUzs4ZKAlvLpM7dgE7ttV5MHvvqTAx6oGBBngSA=":{"valueMac":{"type":"Buffer","data":"eiGUuhp9nMDgjGQt3U0TpXpHKS3kFs630LBqVQ0sNOk="}},"k6/qat0zo5OZ70KkloCMxe7Nv51YSuja6hiAiaL5tgw=":{"valueMac":{"type":"Buffer","data":"rT/1yyMYvQVDZeBPj2HlUkbNBIhk85QMRGSHbL5WGWk="}},"TL5PzWBs+okdNPC3kmS8Al98el4uye1GJNlVBsmD8aE=":{"valueMac":{"type":"Buffer","data":"dTK25E7uwhhva/xGHReQhFw8AkPYRZ+sSlysESseOSs="}},"CD5mE6as6dHW4v+j5HtnAfzbuQsBzfLOQf7w/V/wskk=":{"valueMac":{"type":"Buffer","data":"ud8lHlcZvDFOYg0sDw82eA6GqpDuoTM9I+yY9b8YPB8="}},"0tdQl+KothSITvcbSBu/sOFwogEl9HR6vZ5EHkydKXQ=":{"valueMac":{"type":"Buffer","data":"b3e9BkqhEC+wT4rta9FX8rEOMDl/o7GG9WYMaqD2PdY="}},"9O1BHfaFSH+yDgR9AXigsUt3Ono33MR0l6cKiokkUE0=":{"valueMac":{"type":"Buffer","data":"pJrCSgaKZkIEukGhQXeQm9XL0d2xNsSyaiFHjJu+fgY="}},"RRPvDR+X3EGgVC0hEGV3nmg1vRdKCik2NIP7sJNjMds=":{"valueMac":{"type":"Buffer","data":"kNUDHYlgyKU0rpBtdpNNnLjPgsMhjgavWpJJLG98JUg="}},"N64TVbbVPxjZF8yZal6JQuVCYLsWxvH/at8wZ+JtUdY=":{"valueMac":{"type":"Buffer","data":"osCeoNOzLTatzib3RnF8VOqr43DbyjG9qKAezyWov/A="}},"o+wflNCXHfMudbtSLAfmqfhP6zV4OcEXKrdj1ibMwww=":{"valueMac":{"type":"Buffer","data":"+Kgr2KLYli23/V+YfLew9f8iwV3NxX1A748xjBXjuWY="}},"mmq+QiIC3SmtCX55qnWV/c3hyvRmtkP0RgdrqnmH0IQ=":{"valueMac":{"type":"Buffer","data":"Lva69KPqMvsQ2r5ahQ+xoP/99shwiT8IO4Ds/vBQDa4="}},"GKpU7TFt8DmEvVOja4itcPCcXX3qRUbzCE3ltSPGOh0=":{"valueMac":{"type":"Buffer","data":"JaLmQ1KFDJGWEBRKpUHBMz9iYLBHqJS7rBY2BGYUbOM="}},"PnuaHrXt0D9YRgI/+wrNF91DDBNxrwxgfAXa3NA49Ms=":{"valueMac":{"type":"Buffer","data":"Zhui3LXudvYYN7hcC32IqnhW3HNWXxSeYYHZTXzUMyQ="}},"7kh8YYEnUE814fHCMNjNTffaOx2RlwT29JtYuv9FFNc=":{"valueMac":{"type":"Buffer","data":"c+R5jD6G4Iw6IpBKlRh8UFGYHIIPCUfYISRswe40z3s="}},"prBZSY4E1zYIxIe9eJgUv5QWl64L9GoJpsbH1xXXvIs=":{"valueMac":{"type":"Buffer","data":"goGc86jeKxp7SyjF1FYNG+aiB32jwQGpOexhkw3r/c4="}},"5w3B8obVCtZqykDDwFpVCpbj+gJb9O1viUmD4IDGKGQ=":{"valueMac":{"type":"Buffer","data":"Fr349vKqfopR11IeLUsTiMfMe7+k+5cN05mIKb3MycM="}},"Bs572m9V9jtg78aSTYtqYiFogHPddM/P7YwP1cO/IAc=":{"valueMac":{"type":"Buffer","data":"BtWGp6Wbdc1CDNss+p+CSTgBFeEMA4zaWa4co+WCJ8w="}},"UHzddzwxnDRWz1DG32np2gmQEVOtEPG+4+sVYDOGV+w=":{"valueMac":{"type":"Buffer","data":"G9ju/B4vgLQpP+fwKRAHiIHs2G5S4uxqwLhfOF+YQdc="}},"f+4uoTXx7rQK93KwIxwLsC+blut2J+bP91O22w2Ecew=":{"valueMac":{"type":"Buffer","data":"Aukb6qf/LbrKEZbTmrBmhynqMi35to4dnuYLbe+MOzo="}},"Qf9fwSSO6DseAAU2v50KmAgD+pIHqXiE1vkEiObUEDs=":{"valueMac":{"type":"Buffer","data":"St/EMfiPdLJFG0ecTz5xaJKyEfTFxFmc7g6hOtOIK2E="}},"cQHycnYyr/4ZPDXcgicjcFt+C+MBuEKLOGweaZGwuu0=":{"valueMac":{"type":"Buffer","data":"bwZI1ucyll8EoxVhUFBxFUtj3mlvgLIGiScN8C58dUQ="}},"L63ITcMqGylsA6Eyn0kF2M9L2iYqi2dOkPdzmGXNKs4=":{"valueMac":{"type":"Buffer","data":"ZTjXZwj7K0A8coMnhQwSVGE+GXvDBzoal+Ehsb/Tuss="}},"UIOkKvu0m138lFh2SXN5nupWGgjJMDSS6TA/kIhOpQE=":{"valueMac":{"type":"Buffer","data":"lDN35myH1xIkaNlBy10C0hR966QcOv1/0Fh4XNKgxEI="}},"5eIHHpaPYzkG42Ydc+z1CqjOsyNTbBdeKQg1S+BXamg=":{"valueMac":{"type":"Buffer","data":"dR/j3M8xvoLEBHFS6NdFUN5HrDVTFJWuXd5XZ281+ys="}},"Xj4b5mx2lqrQlhGPIPJhrhakah3vcOCkp8ehVFZSEZI=":{"valueMac":{"type":"Buffer","data":"ebSCn1iVGEmJmFkDsNBeRjb8BBQ6aeYxyxvsTFCM0Cs="}},"qgfi3YPjK8jiiq0DahG4Ej49Bx16OYnCxRZRn7jCwO0=":{"valueMac":{"type":"Buffer","data":"z8qdxiiiPMMcH5xvNNn1F6SldWAp3aIpjVAP0axY1dw="}},"4tg6PH44Vm8I9gWeYjEbzYBjDUewUyJPdxu6/bg+Ebo=":{"valueMac":{"type":"Buffer","data":"/+PMUvmR2GKx7VKr18rD+Q+wAfL3r1MzQKZPMhLw5/U="}},"VhtuIN4LDXZWByT1qyb5XD2EFZ5SOMk46BBZOa1B8Cg=":{"valueMac":{"type":"Buffer","data":"Q85ytX9KRKB1sLwntkPZ2NTFZgJu13EkrTC16aBVoc0="}},"e4LYPJiYtYTX2moRyQqpd3zvbwAKRyF0/coj79tksJE=":{"valueMac":{"type":"Buffer","data":"W1oeaIOUAnVf1KbMBcDrxcQMl/GuNIgwyUZqyQu8XFw="}},"y1HdAohogT342MzkrM+3LP//VgUvJ6k08espvcfiV48=":{"valueMac":{"type":"Buffer","data":"+UOzf1Z9xF/hBwaUz79XIKaRBv/LuRNkioVh/KcIVlk="}},"J6pHaDhUpx2MxAqSCouU1C7Rpc3OAof2FYVxLQS3fRs=":{"valueMac":{"type":"Buffer","data":"ccWNXSMCmPpu7zSCQAYw2Ynf8uQcDWpuG+FX4sU6qEY="}},"QUwK8aAXGZW3bTJ24jTgqYNYTzMQqtm3XlEfuQcDl/w=":{"valueMac":{"type":"Buffer","data":"SCEWVeCkBvuqwJaO1MraqcOdFoUNR6nglzPh9fwqy+w="}},"RiSB5TDfjVrB9WtTJ21rCWHOXDXd/wapbQYqYiOHZp0=":{"valueMac":{"type":"Buffer","data":"B2BrSRgmJ68O4l8xDI4WoaRzvSOQT3cgS66qoy1z49o="}},"TssB2G+CpQybfquz3HDhlQNE7JtDOrs/F8vrSSTUIlY=":{"valueMac":{"type":"Buffer","data":"DBiYqS7svVeOCCcgE9sMEwc5VUAzJC9qi0ezmpkChBI="}},"EF0Qy2E9WZ3CDgOKB+9iIWxkXn7V1kGgn7JlEL/Tc+Y=":{"valueMac":{"type":"Buffer","data":"r3NVQB0TXtUzjIm0oWKxzBkCyFgSFDkVjG9dAhfbRiY="}},"uw4jFAzROUEBkbBhvkrVYOLY6nsHMBA0CUwyEUaaGxE=":{"valueMac":{"type":"Buffer","data":"Bohlhfv2iWiAR19HI3lY7+Byx0TnzafVZskkXAcLFJI="}},"2O7zFFLcgCC68DKDWXgYlpzYVvL0dG8SmlrxWljLZg4=":{"valueMac":{"type":"Buffer","data":"ipk78csWneVlUmWERiqhjHD8RxltyLI76j7ipFqBQqg="}},"AK5UF4NIodLFfScxojK9lv0SMWTcif+H4IWPkxa+fQI=":{"valueMac":{"type":"Buffer","data":"0ksKGpV0H6UilAhTHNVLV9Xf+b33bNcR1UbGXjTWAvY="}},"O4IOb2k4NkZ475cizroShgE+9OMLrTOqkhaPnjK3QPk=":{"valueMac":{"type":"Buffer","data":"+GV/hAwgt3GvBA8mXmGMWK94vT4l7RQ1jBbafgZASfA="}},"hbPOXTfI+IDLuv1mYzw0qlLJuXAqJ6NeOHuYav1Zkm8=":{"valueMac":{"type":"Buffer","data":"Xn+OJqny+0OYLRmAbNgaIluul0LLROv3G0Apa1tQYUg="}},"rG6oxwROXaSKnDmDkT4AYEVKE9vcNjZsTKTN/5dmQzE=":{"valueMac":{"type":"Buffer","data":"A0Ejk4pKDGLGrrfn38vz+gwOeJDLpt3zDNFzldqP8YM="}},"x9yurF4KB2IxNPuIkFSJO5fCVDKTwVVYjazTwZV25dk=":{"valueMac":{"type":"Buffer","data":"kWzi1yFuCVV4x93B5SYAjQUnbTTPKalzlUKZMPTQzoI="}},"3zwwllngDijividFwQViFWjBTW99lqOgYFlL+paq304=":{"valueMac":{"type":"Buffer","data":"XEpbCd+axSrqIBReXVSqTi/5F6zZviUKthfmWy2VEiQ="}},"5++Nx2Xk1UWI9d/2/RAFlxsamx95yk2fUOtRtBABKx8=":{"valueMac":{"type":"Buffer","data":"ng87TNwXB0qT+UGyezxYH4TAZt6YRfkmimF2RIXc/tA="}},"E1nPSIIgbRa5p5ajme0I901PN0e6AUBFKBMp5w546Lo=":{"valueMac":{"type":"Buffer","data":"yqHTUuf5Uc3mi1YyyDBNTGyxjCjLEQ3tbTEalSAd/eY="}},"RBKvbXeTIW22bIN1eTuNlfdhr3iI1kCVKWGJkR6p4Oo=":{"valueMac":{"type":"Buffer","data":"ogFMa682rM3QnKPNN6DF0zG5ta8zZ6JO590FiUZCTPw="}},"GeeVuxOb4meHMNqclC/TxbKGFj3sNp+OTCUS/WprrEg=":{"valueMac":{"type":"Buffer","data":"7UGDB+HPMQAAcLU4UsrcG95aBCoM5TC07V9NMiS/Zt0="}},"DnO2vQobVq2PZ5zW83dEshrEySSLchX1QZ8NN0b+9kU=":{"valueMac":{"type":"Buffer","data":"rCRDjXlfLIVc6Ead0OPimmdey6AyYTZA6QpjTRgydWA="}},"5RDjmj+5JfTRmaVstOEFy6b2CEYjQr9QfPjeD20bUuI=":{"valueMac":{"type":"Buffer","data":"jbVRzQSqQp0aX2miSLnOgPp1BoUGLV8c/HRPj5KnIdI="}},"Do7LqcvLbLp9NNvTpgiC1XwSvcKl4SPApG2WLuViAhA=":{"valueMac":{"type":"Buffer","data":"UE3eYR0ngvHvSyb9wY8RVGcZfAaNPWL63INAL/yYCCo="}},"UoMWsCQgB4LpryX3H7GApWfqeH0yRAfjid8Dp7hqsTQ=":{"valueMac":{"type":"Buffer","data":"cpj9iJcNyQg01QUxWD/leu4ok7gChJUbNC9POLeT2s0="}},"DD6CeRlbpEaoMjdb0bNouW09xLE4jDSiozX7xRTcUEo=":{"valueMac":{"type":"Buffer","data":"NP1Hv04/RCzdIPAx6rFsJevwMA2myZ9IqjS8UxVlgQ8="}},"JAXFEFCWi805RDBtuhaVVSaZRUx5gUl/4jvmqRuTOW4=":{"valueMac":{"type":"Buffer","data":"n0CkX+zZ0wETje/m4Ls63KDAhzipqgbRQaGvyCI5qpY="}},"q/GyaGkFYTfI6qTm+WE+0oQ4tutD4BbIGRNYop3UshQ=":{"valueMac":{"type":"Buffer","data":"f0YMyzBjwKi0nACgFKBCUm2b2INIwqp5X0uIS2UXXW4="}},"3OGx46W2dSP3mj7cptt54zGIL/6SFP5kmIngZcXHVcg=":{"valueMac":{"type":"Buffer","data":"hGhQAPZfafq16olN4hXggCKfHas4pXbyaxpxPiQBdJ0="}},"Vf2ALvw72BUcwKJlELM2CI7LzUxGLfDIhiy6wzt8yjU=":{"valueMac":{"type":"Buffer","data":"THDmBWLCoYdt7+spdJEuEj3+TdjvlQZTV6zI8sTeTfA="}},"J3szcEBxIbhXB4MmcnrRzUVM7voPwLUwAYhEvSOrTLM=":{"valueMac":{"type":"Buffer","data":"Efj03KmYdC47qyT5UnHZUYbK0O/8x9vYmvQjGkwiDqk="}},"K5rdzdT2O7iC+RjdNxAW18t33CVebYqFOa2Z13YjsT4=":{"valueMac":{"type":"Buffer","data":"aJqEfQMZ3hdSOdf50oUK5KcGPQoOkel7uDr6tvkIO50="}},"SLTvzXnCqX+Mhw0dPLaADuS02LvS6NekrG5cFhRjXqA=":{"valueMac":{"type":"Buffer","data":"nOIjrGjmA3WDdx+JLOqzIre825w+j/zGEHqzRJctj70="}},"cACjfRnHK0sWVAMf7UdesSL4eVgxObMmvcq4jPzIoLI=":{"valueMac":{"type":"Buffer","data":"AA78EhgCCiqcvdxaHQqA4adbbzbyK/TxqT+WRkL6GGg="}},"GZrP1qbzTM3TnliPXrZqCZWLAtrjqf1LIXdD04UDNvU=":{"valueMac":{"type":"Buffer","data":"KkbX6w8IquURBvV4WOyZcVmG9I0nYvGz7Oi8wrMYstc="}},"b41tU7nSYsbyo++kTGJee1O6NAHmRBO7zMEwt/VtZBg=":{"valueMac":{"type":"Buffer","data":"IjEH+WhXCaMRZsw0JuTcoKsHYCokII7mkGG6g/MFN0M="}},"fKA4X552WOIMUWRczSHhKryVzAr+IcnRu8t7aFBkoGc=":{"valueMac":{"type":"Buffer","data":"eXZnsY+1MS3BLIldbZhPXcNzrfAeLNLte5MEntbqcZY="}},"KnpMUtCC3VkO/7gVaYY9sp2mJQzqVUYepnX0cgf7JJU=":{"valueMac":{"type":"Buffer","data":"NRuzR8UFOoHm7GNDr/1OSlIX2bWafLs2S2fPGmlWO74="}},"mCclo3pVPRaewtkZwiK95ZUorAqZ/b5IKo8yz2QY8Dc=":{"valueMac":{"type":"Buffer","data":"4376vTBhAPa7W9LEKBgZJX+RM7cRi/rkBD0Oi6dDilE="}},"H16rF5XIz2wliFYDRT1m570UrJqvREaEhepamus6MnI=":{"valueMac":{"type":"Buffer","data":"ZrCqNt8RKX0FxFHame6dGLm3Zxi5x5kM9xBqt2aNwTU="}},"QElc95JR/WJAFOb7/xZ5vAfrFDO/l56rKtMIaKEgR4o=":{"valueMac":{"type":"Buffer","data":"1+tNdelA6UET0b9t7hHB63fSXoa4+pZEthwWTjTCgNI="}},"3msUNwcAlQO037JziPwSQTtULty3XZqwoNYhGcnk3pM=":{"valueMac":{"type":"Buffer","data":"pcL/pErrk9dDkuIe1hFpmzRS+bVw7SYG8Pk6QwA/u3A="}},"S6glTKp11M1rgepeSc737bbZ7Sv84xN1apTP+1NUfew=":{"valueMac":{"type":"Buffer","data":"6rRk2LntRNRg7h5rDK6ie6e5Doma4IDolQ7sohsymGw="}},"KdjgihHk+YXvmMM4e7qdD9EpZlLQIlYIdn9RrjD70k4=":{"valueMac":{"type":"Buffer","data":"FNRPk/YNpQ/6zMLdUyXj1x0KiKdr7dSE+tD8WbrINW8="}},"lBc+hRv3OmG31BaTTccJZlZ8TFQdsVc125QfOxzcDAs=":{"valueMac":{"type":"Buffer","data":"1ABDr4nozxOqXLT/yxd3EIfoRX9HU5WoPoZGUmnL5tw="}},"7qQm3JNaPdkR/kTISmpK7l1oZEZlJ2rJ9SuQxqqkjs8=":{"valueMac":{"type":"Buffer","data":"tbFJ4ZK//GXjQKKhNfKVJZiWUOrHPLl5HOSFEXj7kTk="}},"UU0ei3GZHL5WEQKOSZOUMU6iK9rvgdUsY/IKQYR2RBQ=":{"valueMac":{"type":"Buffer","data":"MnNkR6QGa96cBo29U9JkZRLdzJcgBYnqsVo2duDKn3I="}},"xhKWjd39X4oLSvgM36BoygWiKyn/MLzpDLP5lsTtirw=":{"valueMac":{"type":"Buffer","data":"B0i/bIqxg1qH+ojJ9U8a/ULg3BqTEAkxdMF2XOscczk="}},"qSrY08IQK49PAos8Kwfaxk59/WeNOtiLXP5/CQOITn8=":{"valueMac":{"type":"Buffer","data":"Okms7FnITiOFVfvK30/BS7tJQefid6i0q5nfeIBQWaA="}},"CozrQRL4/sQ9r0WDj7450LmdHYSt1KUanANEsOGa9Kg=":{"valueMac":{"type":"Buffer","data":"cAYlqJSRa2e4AshCCdpqKG1jGWt/3wEsQmDsSmskc4E="}},"Q+nmhk1KdcZz1ovRT2x5Co/SGK1Sc1hjYYL9zhxl7PU=":{"valueMac":{"type":"Buffer","data":"tRXznSW5NYrmrq7xiAUyjAoNpcxKXubfJNIsH7IZuGU="}},"GVAmkazYL/oq0YfNKqvYPsyyi0xhd9P6wCMHEm198fQ=":{"valueMac":{"type":"Buffer","data":"wgM7DZHzPFd8rvuMpccHx0uWrUV8jZ9a7vbbsceAMPA="}},"da3xsmMrChI3d+cEG8oV8O2gd207duTRGTdmxPFQxbs=":{"valueMac":{"type":"Buffer","data":"EWwc1OKuDLiGmIkyyfE1+3WS0yG2xVmGMtsuIkj8CiI="}},"hRMaIJFPuvAaxcgLggsXRTvXNvSiPuhk0UGITM0wg9M=":{"valueMac":{"type":"Buffer","data":"qnBsuxw6WH60BBpjsaytjN4ajRsxFp9R9skf3cKi6oo="}},"sZ4D82qrkVQqNbKomZBdbIcxKtgLb2H2dOzaU5pgoiw=":{"valueMac":{"type":"Buffer","data":"fkX3fxiU3MGsiNVDXMoRrfGRFZXqDyRf/kC/FN5felQ="}},"xSq1+DyDTkEZ0rNmnGsa5F1NgidE2rj+kuhDBSgSwOk=":{"valueMac":{"type":"Buffer","data":"Yd/IvReI3EE7dk10k28Dud+fXQEi6btUXPbSyDXCQGs="}},"IiRh7I5AUMqtCqUljmVM5lCu1ZwJGpLjeJTejXNVbzc=":{"valueMac":{"type":"Buffer","data":"cHDysznrs6mKZl8wGoGBHNsGGuBJO9InfgGrOPF71O8="}},"3JykUvWk2hq6In2VqgX/GILv8BTaqkbamA8R4F4SfFA=":{"valueMac":{"type":"Buffer","data":"3MKK6IfKYtqNCsdYK9BEOkOQSwn4NMTIZj7URhCfsAs="}},"NvAqR8NPNYWHphZQO5+GzLbnvwJrhqJla62RxsEyh+4=":{"valueMac":{"type":"Buffer","data":"pAGL99MvDqbQ+Nnan1oCEz2X1p8gwd+WSghGkjzhkk8="}},"4b/mLSAOBTcrcvN8wxMJzy9fxclB5k1yQdLbXN/eVqs=":{"valueMac":{"type":"Buffer","data":"gxQpEQAzhAcz1FJtYewCttfmFn8wW2pb6BPMBl8Nn28="}},"BHjOj4V39w46Ib9ylcmZ6cq2cepqwPFijHqrkSm0Nm0=":{"valueMac":{"type":"Buffer","data":"Uaa2EoD0rUlsVEm8hwbvXlGpIEsQLQV9xaq0TwgXnQ4="}},"m/Vvfh/WgL0hGaJi05jgd7j24fxLBf4UIExKUSh4cy4=":{"valueMac":{"type":"Buffer","data":"ZzTmgk9rDoDPrwg4gf0g2lkgFZTCkTfdQdxt/rcRn90="}},"Qm1fJB73robP9XQQpavX4dlMSiqVYmtS7I0NDPOqLbM=":{"valueMac":{"type":"Buffer","data":"bslnCsuGnizeCJsHJ2+FknomWs/Uk7cr0z+SJzIOsow="}},"riGF9k4SJSZUhqaneuC3ocjmQaOdEJ3oJCG4bAHRLx0=":{"valueMac":{"type":"Buffer","data":"nVLyjiM4zV+EA7B0MVXMl7RKxTDQZKqsJnb+U7vXFZA="}},"fwkYnPD6EAXa7sezGQPmsHbAc2mEnZbyL4fu/rB8H/s=":{"valueMac":{"type":"Buffer","data":"Z680GFaF51xX5hM1wKitMOaM3flEmyoGRgaKkx4WOek="}},"NkN/RaVAUICdLpY3wQmAkiSVSIs3y8AaSMkbq/ohaJU=":{"valueMac":{"type":"Buffer","data":"cgfYFhKFevDDf0OfA9K+2RfEP8ALGkxF7A4jmlMdSnw="}},"C6Jc5dA+l4cYawO82E88fKYlBTIhlmmHE+1nySRHJIU=":{"valueMac":{"type":"Buffer","data":"S92GkiDQbWMqgmUBpRgUvGp8zweBF4cnlm7i+D1xlCQ="}},"MY0P+Xg+rngoyks6N3qELOeGJCCUWG2p2ExLHsdvjlQ=":{"valueMac":{"type":"Buffer","data":"4Lr4dOcPgrWTpf4HpPSCqeYsOi7A+Xbv8SMOyNtCpVQ="}},"iHLpzu2eaxoUwrEG71CoW2nq8cfGD9Qy9CXSnGuxsF8=":{"valueMac":{"type":"Buffer","data":"tYmBZv4gu++zEynLf/QSTyE+/lWQ+eEobYaUYDP7dPE="}},"QNeDEJ9Xgq4YU4fZNM9m9rf0ocVyt97rk18qxUn37LU=":{"valueMac":{"type":"Buffer","data":"LUZupZ3OyhfGclbOFG3Iu3fBk4QfYu+qhr/rWcU0OM4="}},"bcmCwULUe3VsozLT7ao0JVIz9BKWJzX7sGqCDqpypVw=":{"valueMac":{"type":"Buffer","data":"9HEc49gAPBD2cNtRyccxL9v6h+mMsaka5BTe5x6eRL8="}},"0R+Uk3mBl4nlAWg5VmV2eKC/c/lglzvqWL037S6ne+Q=":{"valueMac":{"type":"Buffer","data":"XxXcFdvbeg7sZqPSKuekv+zv1tHlHYVYs1LJf4PmPZU="}},"H/u9ucu8vDJGJgW9upvm9VnYF0uzLcGJrlyYOC6rfDI=":{"valueMac":{"type":"Buffer","data":"9u1ejpPya4zFSViAG+jxBaBIO40pLK7ILOW0INPD61M="}},"GxfGb0zYMOTmx14F6mg5O6qF9P5pvl9Z/nv0ZtoTPlQ=":{"valueMac":{"type":"Buffer","data":"eagcJ/HegJZxE+CbT7M3O0rQfuZ1zY6KU6g5g3Or4jA="}},"4iGKlvZo6hIyl+NlK1+ral7wPAT03wa6dZnJVM3o+uo=":{"valueMac":{"type":"Buffer","data":"7/7LN4ILi0HdQ800VIqPIyjuKhPKHI8/hBeLvsNf5LY="}},"82kVC67HC5abBk47Bp2u3Iw3apTMpF/IAXPMn/mvQ+c=":{"valueMac":{"type":"Buffer","data":"CuJYJIHwLYOT263nct1pDcC97GK8JiP92g6NbHUQI1U="}},"u6qci+aHxlzbiLeXcOenP/7XvlgZdaSdN+m7VqkVsTE=":{"valueMac":{"type":"Buffer","data":"xzc9q07tDJ9PWKP8NRX3vi5yNiA3f8lc+C0RlRdJb2I="}},"YUIpyg/NH9Ng1GkeuaNN/BHOzo3r4TI4sk6CNP0MqtQ=":{"valueMac":{"type":"Buffer","data":"zChtuDiElQE5WgQ7ozd6LqarTjqCB/JQ6wrIAJiX+Nk="}},"f0HdD9JGdZJA3QcDev9+rcz+WvNoJjlHd2mqRReoCE4=":{"valueMac":{"type":"Buffer","data":"JTtCtbHAjfP0yCjOfjTv0xtgOEHp7C6hQxJHGxChGbU="}},"BS0hihIXGprRMJFFIa4yyjhl4dggBFy916q39RSeCiQ=":{"valueMac":{"type":"Buffer","data":"Z7++n25Bprgr6oxI6tA8v/IQ8reHkIDMlBcDAEZEaK8="}},"HjnuwQ6dmZ6iaz+qdmlPV+pfyZ7HsGwUOqeUNfyEpa4=":{"valueMac":{"type":"Buffer","data":"4MDEesxr4gC8ZMuplTMeCnRrj3OlLgJeM9JPveRNfYY="}},"HsmHv2Z/ahB+qU2MbOEBZcckgSiQyCDGqaH5s56KVU0=":{"valueMac":{"type":"Buffer","data":"G8HiTjw3q/x1T6rJWcJCU5HSmws/cQ9RSLjN5aWgCj8="}},"qpDTvzHLzFn3h6UWTQH45rEFDaTW220ysKehZZR2t5E=":{"valueMac":{"type":"Buffer","data":"968oDmkNLupfFHegTmPx8c54w+sJoSkSAvvRjl3Ur4k="}},"RU5GFVIZxhGMgOx6AQSuCHqJQVZbTJ7FhnSQp9OzhBU=":{"valueMac":{"type":"Buffer","data":"W6YKZrKUDBYnjCvNYd//SDSWp6YwVFyAxGSXzXCX8dQ="}},"1sVeNSFDO+IlDymwnloyiIvzTEGV0yc7hBlfT6ZMWqo=":{"valueMac":{"type":"Buffer","data":"2P4qLvdmGqc8ibE0JHz7xIl7+lASG17jgnoZLfSR1Es="}},"Uxs8uKzbkQ8tX1ewkskLdlWJjgjmil6+Oy/1SDE1gsE=":{"valueMac":{"type":"Buffer","data":"eWgwDE8tQ6MtWKhwBFwqaSrHB14iamkPluQhXTMhzTA="}},"Zm075MKX7LBS7HIrUfKmtw/qZy0xanWqt0zKn7yfBiI=":{"valueMac":{"type":"Buffer","data":"I1uV4iDNIEuaubBlirHg05R2YjrVLPpo7jEtAkCN5c0="}},"osAi79Y7d/fkivY5QrToOjLrmPbMXO/Yldnr1P63kTY=":{"valueMac":{"type":"Buffer","data":"yXGXmQgiL+Yieau0xSX6W4ylbZIziOEFxe73FYwxV1s="}},"/t52pZU0cgAcJScLkNAeBG9kHD5NBVA9/R4APFFGOZA=":{"valueMac":{"type":"Buffer","data":"uUXVYUmQBSOM9LoNlGq3ukb72lS/TGFdfmIV9FSLwRI="}},"0wetOa3OgAS/OKp8s/PtVzzfLmqU4xcN4/+7y4phAW8=":{"valueMac":{"type":"Buffer","data":"2DG65yqXPzjtTvdDGKAAmZDchpB3WIPwX4PVNMcdwJU="}},"jWJdQDBWAd0sE+j6IGSUiOMPAAnEjwiq+MfwjcwYfpA=":{"valueMac":{"type":"Buffer","data":"BF58LFg9GQX/Za4cfS6nhcKnvEjkpkU6zzwGAB2Ad2o="}},"l9PaoCmW6ldO2iGd4sx9r0l0+YgiwqfvszXwfy2PMtY=":{"valueMac":{"type":"Buffer","data":"6FFrdMUFf1XJQ4rbNpovrMe20zGJPpXZ2WtBxRHNjOY="}},"KF7f+S7eH/xFbcm3wCH3HL5BKzCJBVeZ/hsd0pw11j0=":{"valueMac":{"type":"Buffer","data":"pMRWsonLBectThLRLiAZ4UOxSyXIxaUWLC13/5kLFJI="}},"E8WOx+TZneJDWUjujM3y+RpUBz4mCefHknDWlx3kQy4=":{"valueMac":{"type":"Buffer","data":"xTqkzpvlBBvi6RjJ2S+Qi2HAb//NhOI/YFqKyPPL+6E="}},"A9Y+mEgZw6yg7eTE2OgmD/oefy+BzafOzcNOY7e8hOA=":{"valueMac":{"type":"Buffer","data":"hIrrZVwWV97oyvAfWCVyBl/TX5Q36eaW/gPskrMhS4A="}},"5/dvgJI6obqZb5dI2QtVisSbIahXuz+bx5+NWvND6dw=":{"valueMac":{"type":"Buffer","data":"/2VTNsj+PUC8YeG0J/xnT+iIKeem5YFQzvyE4vCGMXE="}},"ALCKtDIgnaU9MGcfxtMwlYVNRLtBLPUcJLZTFKmaFYY=":{"valueMac":{"type":"Buffer","data":"DePKrRc5WFnDoY6jkCBon6upeqn41jupYdhpxBghtdY="}}}}