{"noiseKey":{"private":{"type":"Buffer","data":"UB+TpKynsZoY4Kdw770GK12Q2w4GsMHlZd5S8zBRH1g="},"public":{"type":"Buffer","data":"B2bBFZbqHx7Uu6YkuW/c0e1rAkPapbPbPfOjwktrcH8="}},"pairingEphemeralKeyPair":{"private":{"type":"Buffer","data":"GAuDg+81JxfH6uBlv5Sg1HNltDCMn8edfdAaBT+Qv1I="},"public":{"type":"Buffer","data":"3AJzexaaWNSOxQwID19uK/Zwt9KFbBRwvMzsKS84HFo="}},"signedIdentityKey":{"private":{"type":"Buffer","data":"2G1Iu4p8NelVhC28Yc6/7HhkdtUsTsClvXRYLZGYKGA="},"public":{"type":"Buffer","data":"OsrDtHg2YbStbRu5F1m40jbK4Ezwg4KrMJZ8VuEoXgA="}},"signedPreKey":{"keyPair":{"private":{"type":"Buffer","data":"+BkfRrmgDiKBH6f7CTqmrhmt6vRgrfhA0N5xmWoe7kM="},"public":{"type":"Buffer","data":"kcu8yBR9L7INJ18UjXVA5RVqVJvLrrFmByRpfcOrdUo="}},"signature":{"type":"Buffer","data":"VY2GuiYSxzRcUHWDpbgavdTKTDcLwf5hOWmGSBiR93Hv7r7QrGxwRr8xbmf+C7a3K3ELZTxTFwnFWufL919GAQ=="},"keyId":1},"registrationId":41,"advSecretKey":"Wu0zaNwo+erKrFJLNxbN0r7nwDQascL9pujBgH5+cBA=","processedHistoryMessages":[{"key":{"remoteJid":"254100106937@s.whatsapp.net","fromMe":true,"id":"EC00B7E2043A89EC2C6A2FAF9C367454"},"messageTimestamp":1731259338},{"key":{"remoteJid":"254100106937@s.whatsapp.net","fromMe":true,"id":"1C0A932FE3CF0D10452F8DC4BE333465"},"messageTimestamp":1731259338},{"key":{"remoteJid":"254100106937@s.whatsapp.net","fromMe":true,"id":"87128D7EE8D2CA3CBBD8648988A026D8"},"messageTimestamp":1731259347},{"key":{"remoteJid":"254100106937@s.whatsapp.net","fromMe":true,"id":"CC7360CD8BA1A1D0CC291E2EF31FCD3C"},"messageTimestamp":1731259353},{"key":{"remoteJid":"254100106937@s.whatsapp.net","fromMe":true,"id":"918A58F92310F40BF11FC37C253112C9"},"messageTimestamp":1731259359},{"key":{"remoteJid":"254100106937@s.whatsapp.net","fromMe":true,"id":"8DB16832B90B13B87D2933CF28A3E619"},"messageTimestamp":1731259359},{"key":{"remoteJid":"254100106937@s.whatsapp.net","fromMe":true,"id":"4B40FEAB55D1DEE3C8EBAA50D5245AE2"},"messageTimestamp":1731259360}],"nextPreKeyId":31,"firstUnuploadedPreKeyId":31,"accountSyncCounter":1,"accountSettings":{"unarchiveChats":false},"deviceId":"6La6aTg7SGGkYDJUhFSQ0g","phoneId":"e622cccf-ff0c-447c-aadd-b33d216e2901","identityId":{"type":"Buffer","data":"j+uvumXr5Col4yGBHger7TMuUmg="},"registered":false,"backupToken":{"type":"Buffer","data":"Lik+QmNK6JCX+RxtZshJAmfldUg="},"registration":{},"account":{"details":"CMSYutkHEMHXw7kGGAEgACgA","accountSignatureKey":"dFEQE2ZJABV57WPUE9um8zeTJgNKTvcNKTz6kKo0PCw=","accountSignature":"JYGwmY9j+MBfrOClke2Wv1aHjS/iYWlvKWSMFcchNIHV9foU55mjrnRNJoMbkioO/eFecrsmGg83qs5QAJWQDQ==","deviceSignature":"vq5Pk0pumvoxXvUshmCANmgVvZQgfE5HeFxl+qaryrB2RDMSQpEkz7jVHGpBHa/+00eSKc3833UI/LP9ScNcBA=="},"me":{"id":"254100106937:2@s.whatsapp.net","lid":"72843249377367:2@lid","name":"Itz Cole"},"signalIdentities":[{"identifier":{"name":"254100106937:2@s.whatsapp.net","deviceId":0},"identifierKey":{"type":"Buffer","data":"BXRREBNmSQAVee1j1BPbpvM3kyYDSk73DSk8+pCqNDws"}}],"platform":"android","routingInfo":{"type":"Buffer","data":"CAUICA=="},"lastAccountSyncTimestamp":1731259333,"lastPropHash":"28ZRla","myAppStateKeyId":"AAAAAKPW"}