{"_sessions":{"BZis2wP2EL/S1kFYWR01pdoTb1JjFpSw1oA9iBd0s3l4":{"registrationId":450228550,"currentRatchet":{"ephemeralKeyPair":{"pubKey":"BZgOLyCGnTDDeQJRN/qanJn6mGY8XbRR8VbbZrQ7fk1g","privKey":"CM7AzqOieLQiKWir2TKmD8/EE4njPPUSj62Di2rfsW0="},"lastRemoteEphemeralKey":"BcjWgphXqOQc2AcOjUnkRYs9wWtrJXyPjM850LTjnIJG","previousCounter":0,"rootKey":"qZbnwNYQfr4IUo8xzPkZisctsspLYRjLYzbPHDlvZJo="},"indexInfo":{"baseKey":"BZis2wP2EL/S1kFYWR01pdoTb1JjFpSw1oA9iBd0s3l4","baseKeyType":2,"closed":-1,"used":1731259346229,"created":1731259346229,"remoteIdentityKey":"BX1f6IfJ4cbIYWNinmeomvWFp4HSJSkbotKZJDg6Jm4e"},"_chains":{"BcjWgphXqOQc2AcOjUnkRYs9wWtrJXyPjM850LTjnIJG":{"chainKey":{"counter":2,"key":"pmDS39fu01fqJn6dtM+RAjaICOVdyG7+chdsP+GNKJA="},"chainType":2,"messageKeys":{}},"BZgOLyCGnTDDeQJRN/qanJn6mGY8XbRR8VbbZrQ7fk1g":{"chainKey":{"counter":-1,"key":"beYgVM3Tb7oNNyPxW0PzvXUfeCTohlFQffSMnfrQM0s="},"chainType":1,"messageKeys":{}}}}},"version":"v1"}