{"_sessions":{"BW+pzSprI/VL6imzquivRdkZ0Ier+6v5WvUVAcQXFZ9t":{"registrationId":578471038,"currentRatchet":{"ephemeralKeyPair":{"pubKey":"BSsV4PXUp9k/L7Pyeooen//K/qmQoedR73rn/hM30l5P","privKey":"SNT1HnoISdWbMxbLaZ1R3IxjP4uH6QrU6cagSHMYsXs="},"lastRemoteEphemeralKey":"BV0Pcqc9+C7hZnmZjxwGAnKj8eoxSkbwzUMWaoE4KM1h","previousCounter":1,"rootKey":"LtK6JWcWjnlDLIEvWTN92SY47qeN9h1uRLNbvLNMfb0="},"indexInfo":{"baseKey":"BW+pzSprI/VL6imzquivRdkZ0Ier+6v5WvUVAcQXFZ9t","baseKeyType":1,"closed":1731259335837,"used":1731259360760,"created":1731259335635,"remoteIdentityKey":"BXRREBNmSQAVee1j1BPbpvM3kyYDSk73DSk8+pCqNDws"},"_chains":{"BV0Pcqc9+C7hZnmZjxwGAnKj8eoxSkbwzUMWaoE4KM1h":{"chainKey":{"counter":8,"key":"TvkMbbC9l9GTxSSd2kTZBzdOs1m3qSSB+PqiIjhGAc8="},"chainType":2,"messageKeys":{}},"BSsV4PXUp9k/L7Pyeooen//K/qmQoedR73rn/hM30l5P":{"chainKey":{"counter":-1,"key":"ZrnfCq1YtVQsUizO7qex51q36k93M32t5G54Qt0W7V8="},"chainType":1,"messageKeys":{}}}},"BTOreWCRMYpC+0RC/7/5H3CGV+m1yqmA9z/A3uaVKMo2":{"registrationId":578471038,"currentRatchet":{"ephemeralKeyPair":{"pubKey":"BQ7E2Hf4itKQLeScm7KZPD81k4GEF8cS7YUhx+ZZPD9E","privKey":"6E6DbqCQt4fmod02N2vqYqHN324EteuM/kmLdGS39WI="},"lastRemoteEphemeralKey":"BV0Pcqc9+C7hZnmZjxwGAnKj8eoxSkbwzUMWaoE4KM1h","previousCounter":-1,"rootKey":"MJpTt4Wpxyaj/fLI6xGZNpDaNw2A6zOgj6BkDMVwh90="},"indexInfo":{"baseKey":"BTOreWCRMYpC+0RC/7/5H3CGV+m1yqmA9z/A3uaVKMo2","baseKeyType":2,"closed":-1,"used":1731259335839,"created":1731259335839,"remoteIdentityKey":"BXRREBNmSQAVee1j1BPbpvM3kyYDSk73DSk8+pCqNDws"},"_chains":{"BR7JEe0Zr956OTYwtJIT4LReNNq3qEDKVLRtL6r4YSlR":{"chainKey":{"counter":1},"chainType":2,"messageKeys":{}},"BV0Pcqc9+C7hZnmZjxwGAnKj8eoxSkbwzUMWaoE4KM1h":{"chainKey":{"counter":0,"key":"XecrIYlafa3HSvhn4WFNzhiSFyLDyNGTmSY+bsyUBpE="},"chainType":2,"messageKeys":{}},"BQ7E2Hf4itKQLeScm7KZPD81k4GEF8cS7YUhx+ZZPD9E":{"chainKey":{"counter":-1,"key":"nASuVLTnYzx4FRR6DCBOoQtqYNK3qgq39OCHIQRmW6g="},"chainType":1,"messageKeys":{}}}}},"version":"v1"}